Workbook
Name Holidays: Setting!$B:$C
Name Week1: #REF!

Sheet Leave Master Sheet Blank
I2: Monthly Leave Tracker
F3: January | G3: 2023 | H3: =IFERROR(VLOOKUP(H4,Holidays,2,0),"") | I3: =IFERROR(VLOOKUP(I4,Holidays,2,0),"") | J3: =IFERROR(VLOOKUP(J4,Holidays,2,0),"") | K3: =IFERROR(VLOOKUP(K4,Holidays,2,0),"") | L3: =IFERROR(VLOOKUP(L4,Holidays,2,0),"") | M3: =IFERROR(VLOOKUP(M4,Holidays,2,0),"") | N3: =IFERROR(VLOOKUP(N4,Holidays,2,0),"") | O3: =IFERROR(VLOOKUP(O4,Holidays,2,0),"") | ... AL3: =IFERROR(VLOOKUP(AL4,Holidays,2,0),"") | AM3: Summary
D4: SL. No. | E4: Emp. Code | F4: Name | G4: Designation | H4: =DATEVALUE("1"&F3&G3) -> 44927 | I4: =IF(H$4<EOMONTH($H$4,0),H4+1,"EOM") -> 44928 | J4: =IF(I$4<EOMONTH($H$4,0),I4+1,"EOM") -> 44929 | K4: =IF(J$4<EOMONTH($H$4,0),J4+1,"EOM") -> 44930 | L4: =IF(K$4<EOMONTH($H$4,0),K4+1,"EOM") -> 44931 | M4: =IF(L$4<EOMONTH($H$4,0),L4+1,"EOM") -> 44932 | N4: =IF(M$4<EOMONTH($H$4,0),M4+1,"EOM") -> 44933 | O4: =IF(N$4<EOMONTH($H$4,0),N4+1,"EOM") -> 44934 | P4: =IF(O$4<EOMONTH($H$4,0),O4+1,"EOM") -> 44935 | ... AL4: =IF(AK$4<EOMONTH($H$4,0),AK4+1,"EOM") -> 44957 | AM4: Total Leaves | AN4: Casual Leave | AO4: Privilaged Leave | AP4: Sick Leave | AQ4: Maternity or Paternity | AR4: Half Day | AS4: Work from Home | AT4: Holidays | AU4: Week Offs | AV4: Total Absent / No Show | AW4: Leave Without Pay
H5: =TEXT(H4,"DDD") -> Sun | I5: =TEXT(I4,"DDD") -> Mon | J5: =TEXT(J4,"DDD") -> Tue | K5: =TEXT(K4,"DDD") -> Wed | L5: =TEXT(L4,"DDD") -> Thu | M5: =TEXT(M4,"DDD") -> Fri | N5: =TEXT(N4,"DDD") -> Sat | O5: =TEXT(O4,"DDD") -> Sun | ... AL5: =TEXT(AL4,"DDD") -> Tue | AN5: CL | AO5: PL | AP5: SL | AQ5: ML | AR5: HD | AS5: WH | AT5: H | AU5: WO | AV5: A | AW5: LWP | AY5: Leaves | AZ5: Code
D6: 1 | AM6: =COUNTA(H6:AL6) -> 0 | AN6: =COUNTIF($H6:$AL6,AN$5) -> 0 | AO6: =COUNTIF($H6:$AL6,AO$5) -> 0 | AP6: =COUNTIF($H6:$AL6,AP$5) -> 0 | AQ6: =COUNTIF($H6:$AL6,AQ$5) -> 0 | AR6: =COUNTIF($H6:$AL6,AR$5) -> 0 | AS6: =COUNTIF($H6:$AL6,AS$5) -> 0 | AT6: =COUNTIF($H6:$AL6,AT$5) -> 0 | AU6: =COUNTIF($H6:$AL6,AU$5) -> 0 | ... AW6: =COUNTIF($H6:$AL6,AW$5) -> 0 | AY6: Casual Leave | AZ6: CL
D7: 2 | AM7: =COUNTA(H7:AL7) -> 0 | AN7: =COUNTIF($H7:$AL7,AN$5) -> 0 | AO7: =COUNTIF($H7:$AL7,AO$5) -> 0 | AP7: =COUNTIF($H7:$AL7,AP$5) -> 0 | AQ7: =COUNTIF($H7:$AL7,AQ$5) -> 0 | AR7: =COUNTIF($H7:$AL7,AR$5) -> 0 | AS7: =COUNTIF($H7:$AL7,AS$5) -> 0 | AT7: =COUNTIF($H7:$AL7,AT$5) -> 0 | AU7: =COUNTIF($H7:$AL7,AU$5) -> 0 | ... AW7: =COUNTIF($H7:$AL7,AW$5) -> 0 | AY7: Privilaged Leave | AZ7: PL
D8: 3 | AM8: =COUNTA(H8:AL8) -> 0 | AN8: =COUNTIF($H8:$AL8,AN$5) -> 0 | AO8: =COUNTIF($H8:$AL8,AO$5) -> 0 | AP8: =COUNTIF($H8:$AL8,AP$5) -> 0 | AQ8: =COUNTIF($H8:$AL8,AQ$5) -> 0 | AR8: =COUNTIF($H8:$AL8,AR$5) -> 0 | AS8: =COUNTIF($H8:$AL8,AS$5) -> 0 | AT8: =COUNTIF($H8:$AL8,AT$5) -> 0 | AU8: =COUNTIF($H8:$AL8,AU$5) -> 0 | ... AW8: =COUNTIF($H8:$AL8,AW$5) -> 0 | AY8: Sick Leave | AZ8: SL
D9: 4 | AM9: =COUNTA(H9:AL9) -> 0 | AN9: =COUNTIF($H9:$AL9,AN$5) -> 0 | AO9: =COUNTIF($H9:$AL9,AO$5) -> 0 | AP9: =COUNTIF($H9:$AL9,AP$5) -> 0 | AQ9: =COUNTIF($H9:$AL9,AQ$5) -> 0 | AR9: =COUNTIF($H9:$AL9,AR$5) -> 0 | AS9: =COUNTIF($H9:$AL9,AS$5) -> 0 | AT9: =COUNTIF($H9:$AL9,AT$5) -> 0 | AU9: =COUNTIF($H9:$AL9,AU$5) -> 0 | ... AW9: =COUNTIF($H9:$AL9,AW$5) -> 0 | AY9: Maternity or Paternity | AZ9: ML
D10: 5 | AM10: =COUNTA(H10:AL10) -> 0 | AN10: =COUNTIF($H10:$AL10,AN$5) -> 0 | AO10: =COUNTIF($H10:$AL10,AO$5) -> 0 | AP10: =COUNTIF($H10:$AL10,AP$5) -> 0 | AQ10: =COUNTIF($H10:$AL10,AQ$5) -> 0 | AR10: =COUNTIF($H10:$AL10,AR$5) -> 0 | AS10: =COUNTIF($H10:$AL10,AS$5) -> 0 | AT10: =COUNTIF($H10:$AL10,AT$5) -> 0 | AU10: =COUNTIF($H10:$AL10,AU$5) -> 0 | ... AW10: =COUNTIF($H10:$AL10,AW$5) -> 0 | AY10: Half Day | AZ10: HD
D11: 6 | AM11: =COUNTA(H11:AL11) -> 0 | AN11: =COUNTIF($H11:$AL11,AN$5) -> 0 | AO11: =COUNTIF($H11:$AL11,AO$5) -> 0 | AP11: =COUNTIF($H11:$AL11,AP$5) -> 0 | AQ11: =COUNTIF($H11:$AL11,AQ$5) -> 0 | AR11: =COUNTIF($H11:$AL11,AR$5) -> 0 | AS11: =COUNTIF($H11:$AL11,AS$5) -> 0 | AT11: =COUNTIF($H11:$AL11,AT$5) -> 0 | AU11: =COUNTIF($H11:$AL11,AU$5) -> 0 | ... AW11: =COUNTIF($H11:$AL11,AW$5) -> 0 | AY11: Work From Home | AZ11: WH
D12: 7 | AM12: =COUNTA(H12:AL12) -> 0 | AN12: =COUNTIF($H12:$AL12,AN$5) -> 0 | AO12: =COUNTIF($H12:$AL12,AO$5) -> 0 | AP12: =COUNTIF($H12:$AL12,AP$5) -> 0 | AQ12: =COUNTIF($H12:$AL12,AQ$5) -> 0 | AR12: =COUNTIF($H12:$AL12,AR$5) -> 0 | AS12: =COUNTIF($H12:$AL12,AS$5) -> 0 | AT12: =COUNTIF($H12:$AL12,AT$5) -> 0 | AU12: =COUNTIF($H12:$AL12,AU$5) -> 0 | ... AW12: =COUNTIF($H12:$AL12,AW$5) -> 0 | AY12: Holidays | AZ12: H
D13: 8 | AM13: =COUNTA(H13:AL13) -> 0 | AN13: =COUNTIF($H13:$AL13,AN$5) -> 0 | AO13: =COUNTIF($H13:$AL13,AO$5) -> 0 | AP13: =COUNTIF($H13:$AL13,AP$5) -> 0 | AQ13: =COUNTIF($H13:$AL13,AQ$5) -> 0 | AR13: =COUNTIF($H13:$AL13,AR$5) -> 0 | AS13: =COUNTIF($H13:$AL13,AS$5) -> 0 | AT13: =COUNTIF($H13:$AL13,AT$5) -> 0 | AU13: =COUNTIF($H13:$AL13,AU$5) -> 0 | ... AW13: =COUNTIF($H13:$AL13,AW$5) -> 0 | AY13: Week Offs | AZ13: WO
D14: 9 | AM14: =COUNTA(H14:AL14) -> 0 | AN14: =COUNTIF($H14:$AL14,AN$5) -> 0 | AO14: =COUNTIF($H14:$AL14,AO$5) -> 0 | AP14: =COUNTIF($H14:$AL14,AP$5) -> 0 | AQ14: =COUNTIF($H14:$AL14,AQ$5) -> 0 | AR14: =COUNTIF($H14:$AL14,AR$5) -> 0 | AS14: =COUNTIF($H14:$AL14,AS$5) -> 0 | AT14: =COUNTIF($H14:$AL14,AT$5) -> 0 | AU14: =COUNTIF($H14:$AL14,AU$5) -> 0 | ... AW14: =COUNTIF($H14:$AL14,AW$5) -> 0 | AY14: Absent / No Show | AZ14: A
D15: 10 | AM15: =COUNTA(H15:AL15) -> 0 | AN15: =COUNTIF($H15:$AL15,AN$5) -> 0 | AO15: =COUNTIF($H15:$AL15,AO$5) -> 0 | AP15: =COUNTIF($H15:$AL15,AP$5) -> 0 | AQ15: =COUNTIF($H15:$AL15,AQ$5) -> 0 | AR15: =COUNTIF($H15:$AL15,AR$5) -> 0 | AS15: =COUNTIF($H15:$AL15,AS$5) -> 0 | AT15: =COUNTIF($H15:$AL15,AT$5) -> 0 | AU15: =COUNTIF($H15:$AL15,AU$5) -> 0 | ... AW15: =COUNTIF($H15:$AL15,AW$5) -> 0 | AY15: Leave Without Pay | AZ15: LWP
D16: 11 | AM16: =COUNTA(H16:AL16) -> 0 | AN16: =COUNTIF($H16:$AL16,AN$5) -> 0 | AO16: =COUNTIF($H16:$AL16,AO$5) -> 0 | AP16: =COUNTIF($H16:$AL16,AP$5) -> 0 | AQ16: =COUNTIF($H16:$AL16,AQ$5) -> 0 | AR16: =COUNTIF($H16:$AL16,AR$5) -> 0 | AS16: =COUNTIF($H16:$AL16,AS$5) -> 0 | AT16: =COUNTIF($H16:$AL16,AT$5) -> 0 | AU16: =COUNTIF($H16:$AL16,AU$5) -> 0 | ... AW16: =COUNTIF($H16:$AL16,AW$5) -> 0
D17: 12 | AM17: =COUNTA(H17:AL17) -> 0 | AN17: =COUNTIF($H17:$AL17,AN$5) -> 0 | AO17: =COUNTIF($H17:$AL17,AO$5) -> 0 | AP17: =COUNTIF($H17:$AL17,AP$5) -> 0 | AQ17: =COUNTIF($H17:$AL17,AQ$5) -> 0 | AR17: =COUNTIF($H17:$AL17,AR$5) -> 0 | AS17: =COUNTIF($H17:$AL17,AS$5) -> 0 | AT17: =COUNTIF($H17:$AL17,AT$5) -> 0 | AU17: =COUNTIF($H17:$AL17,AU$5) -> 0 | ... AW17: =COUNTIF($H17:$AL17,AW$5) -> 0
D18: 13 | AM18: =COUNTA(H18:AL18) -> 0 | AN18: =COUNTIF($H18:$AL18,AN$5) -> 0 | AO18: =COUNTIF($H18:$AL18,AO$5) -> 0 | AP18: =COUNTIF($H18:$AL18,AP$5) -> 0 | AQ18: =COUNTIF($H18:$AL18,AQ$5) -> 0 | AR18: =COUNTIF($H18:$AL18,AR$5) -> 0 | AS18: =COUNTIF($H18:$AL18,AS$5) -> 0 | AT18: =COUNTIF($H18:$AL18,AT$5) -> 0 | AU18: =COUNTIF($H18:$AL18,AU$5) -> 0 | ... AW18: =COUNTIF($H18:$AL18,AW$5) -> 0
D19: 14 | AM19: =COUNTA(H19:AL19) -> 0 | AN19: =COUNTIF($H19:$AL19,AN$5) -> 0 | AO19: =COUNTIF($H19:$AL19,AO$5) -> 0 | AP19: =COUNTIF($H19:$AL19,AP$5) -> 0 | AQ19: =COUNTIF($H19:$AL19,AQ$5) -> 0 | AR19: =COUNTIF($H19:$AL19,AR$5) -> 0 | AS19: =COUNTIF($H19:$AL19,AS$5) -> 0 | AT19: =COUNTIF($H19:$AL19,AT$5) -> 0 | AU19: =COUNTIF($H19:$AL19,AU$5) -> 0 | ... AW19: =COUNTIF($H19:$AL19,AW$5) -> 0
D20: 15 | AM20: =COUNTA(H20:AL20) -> 0 | AN20: =COUNTIF($H20:$AL20,AN$5) -> 0 | AO20: =COUNTIF($H20:$AL20,AO$5) -> 0 | AP20: =COUNTIF($H20:$AL20,AP$5) -> 0 | AQ20: =COUNTIF($H20:$AL20,AQ$5) -> 0 | AR20: =COUNTIF($H20:$AL20,AR$5) -> 0 | AS20: =COUNTIF($H20:$AL20,AS$5) -> 0 | AT20: =COUNTIF($H20:$AL20,AT$5) -> 0 | AU20: =COUNTIF($H20:$AL20,AU$5) -> 0 | ... AW20: =COUNTIF($H20:$AL20,AW$5) -> 0
D21: 16 | AM21: =COUNTA(H21:AL21) -> 0 | AN21: =COUNTIF($H21:$AL21,AN$5) -> 0 | AO21: =COUNTIF($H21:$AL21,AO$5) -> 0 | AP21: =COUNTIF($H21:$AL21,AP$5) -> 0 | AQ21: =COUNTIF($H21:$AL21,AQ$5) -> 0 | AR21: =COUNTIF($H21:$AL21,AR$5) -> 0 | AS21: =COUNTIF($H21:$AL21,AS$5) -> 0 | AT21: =COUNTIF($H21:$AL21,AT$5) -> 0 | AU21: =COUNTIF($H21:$AL21,AU$5) -> 0 | ... AW21: =COUNTIF($H21:$AL21,AW$5) -> 0
D22: 17 | AM22: =COUNTA(H22:AL22) -> 0 | AN22: =COUNTIF($H22:$AL22,AN$5) -> 0 | AO22: =COUNTIF($H22:$AL22,AO$5) -> 0 | AP22: =COUNTIF($H22:$AL22,AP$5) -> 0 | AQ22: =COUNTIF($H22:$AL22,AQ$5) -> 0 | AR22: =COUNTIF($H22:$AL22,AR$5) -> 0 | AS22: =COUNTIF($H22:$AL22,AS$5) -> 0 | AT22: =COUNTIF($H22:$AL22,AT$5) -> 0 | AU22: =COUNTIF($H22:$AL22,AU$5) -> 0 | ... AW22: =COUNTIF($H22:$AL22,AW$5) -> 0
D23: 18 | AM23: =COUNTA(H23:AL23) -> 0 | AN23: =COUNTIF($H23:$AL23,AN$5) -> 0 | AO23: =COUNTIF($H23:$AL23,AO$5) -> 0 | AP23: =COUNTIF($H23:$AL23,AP$5) -> 0 | AQ23: =COUNTIF($H23:$AL23,AQ$5) -> 0 | AR23: =COUNTIF($H23:$AL23,AR$5) -> 0 | AS23: =COUNTIF($H23:$AL23,AS$5) -> 0 | AT23: =COUNTIF($H23:$AL23,AT$5) -> 0 | AU23: =COUNTIF($H23:$AL23,AU$5) -> 0 | ... AW23: =COUNTIF($H23:$AL23,AW$5) -> 0
D24: 19 | AM24: =COUNTA(H24:AL24) -> 0 | AN24: =COUNTIF($H24:$AL24,AN$5) -> 0 | AO24: =COUNTIF($H24:$AL24,AO$5) -> 0 | AP24: =COUNTIF($H24:$AL24,AP$5) -> 0 | AQ24: =COUNTIF($H24:$AL24,AQ$5) -> 0 | AR24: =COUNTIF($H24:$AL24,AR$5) -> 0 | AS24: =COUNTIF($H24:$AL24,AS$5) -> 0 | AT24: =COUNTIF($H24:$AL24,AT$5) -> 0 | AU24: =COUNTIF($H24:$AL24,AU$5) -> 0 | ... AW24: =COUNTIF($H24:$AL24,AW$5) -> 0
D25: 20 | AM25: =COUNTA(H25:AL25) -> 0 | AN25: =COUNTIF($H25:$AL25,AN$5) -> 0 | AO25: =COUNTIF($H25:$AL25,AO$5) -> 0 | AP25: =COUNTIF($H25:$AL25,AP$5) -> 0 | AQ25: =COUNTIF($H25:$AL25,AQ$5) -> 0 | AR25: =COUNTIF($H25:$AL25,AR$5) -> 0 | AS25: =COUNTIF($H25:$AL25,AS$5) -> 0 | AT25: =COUNTIF($H25:$AL25,AT$5) -> 0 | AU25: =COUNTIF($H25:$AL25,AU$5) -> 0 | ... AW25: =COUNTIF($H25:$AL25,AW$5) -> 0

Sheet Setting
B2: Dates | C2: Holiday List 2023 | E2: Emp. ID | F2: Name | G2: SCHOOL | I2: Leaves | J2: Code
B3: 45292 | C3: New Year | I3: Casual Leave | J3: CL
B4: 45306 | C4: MARTIN LUTHER KING | F4: SAMUEL | G4: WESTERVILLE | I4: Privilaged Leave | J4: PL
B5: 45341 | C5: PRESIDENTS DAY | F5: LILY | G5: DELAWARE | I5: Sick Leave | J5: SL
B6: 45382 | C6: EASTER SUNDAY | F6: WILLIAM | G6: WESTERVILLE | I6: Maternity or Paternity | J6: ML
B7: 45439 | C7: MEMORIAL DAY | I7: Half Day | J7: HD
B8: 45459 | C8: FATHERS DAY | I8: Work From Home | J8: WH
B9: 45477 | C9: Independence Day | I9: Holidays | J9: H
B10: 45537 | C10: Labor Day | I10: Week Offs | J10: WO
B11: 45579 | C11: COLUMBUS DAY | I11: Absent / No Show | J11: A
B12: 45601 | C12: ELECTION DAY | I12: Leave Without Pay | J12: LWP
B13: 45607 | C13: VETERANS DAY
B14: 45624 | C14: THANKSGIVING DAY
B15: 45625 | C15: BLACK FRIDAY
B16: 45650 | C16: Christmas Eve
B17: 45651 | C17: Christmas Day
B18: 45657 | C18: New Years Eve
B19: 45658 | C19: New Years Day
B20: 45677 | C20: MARTIN LUTHER KING
B21: 45705 | C21: PRESIDENTS DAY
B22: 45767 | C22: EASTER SUNDAY
B23: 45788 | C23: Mothers Day
B24: 45803 | C24: MEMORIAL DAY
... B26: 45842 | C26: Independence Day

Sheet January
I2: Monthly Leave Tracker
F3: January | G3: 2023 | H3: =IFERROR(VLOOKUP(H4,Holidays,2,0),"") | I3: =IFERROR(VLOOKUP(I4,Holidays,2,0),"") | J3: =IFERROR(VLOOKUP(J4,Holidays,2,0),"") | K3: =IFERROR(VLOOKUP(K4,Holidays,2,0),"") | L3: =IFERROR(VLOOKUP(L4,Holidays,2,0),"") | M3: =IFERROR(VLOOKUP(M4,Holidays,2,0),"") | N3: =IFERROR(VLOOKUP(N4,Holidays,2,0),"") | O3: =IFERROR(VLOOKUP(O4,Holidays,2,0),"") | ... AL3: =IFERROR(VLOOKUP(AL4,Holidays,2,0),"") | AM3: Summary
D4: SL. No. | E4: Emp. Code | F4: Employee Name | G4: Designation | H4: =DATEVALUE("1"&F3&G3) -> 44927 | I4: =IF(H$4<EOMONTH($H$4,0),H4+1,"EOM") -> 44928 | J4: =IF(I$4<EOMONTH($H$4,0),I4+1,"EOM") -> 44929 | K4: =IF(J$4<EOMONTH($H$4,0),J4+1,"EOM") -> 44930 | L4: =IF(K$4<EOMONTH($H$4,0),K4+1,"EOM") -> 44931 | M4: =IF(L$4<EOMONTH($H$4,0),L4+1,"EOM") -> 44932 | N4: =IF(M$4<EOMONTH($H$4,0),M4+1,"EOM") -> 44933 | O4: =IF(N$4<EOMONTH($H$4,0),N4+1,"EOM") -> 44934 | P4: =IF(O$4<EOMONTH($H$4,0),O4+1,"EOM") -> 44935 | ... AL4: =IF(AK$4<EOMONTH($H$4,0),AK4+1,"EOM") -> 44957 | AM4: Total Leaves | AN4: Casual Leave | AO4: Privilaged Leave | AP4: Sick Leave | AQ4: Maternity or Paternity | AR4: Half Day | AS4: Work from Home | AT4: Holidays | AU4: Week Offs | AV4: Total Absent / No Show | AW4: Leave Without Pay
H5: =TEXT(H4,"DDD") -> Sun | I5: =TEXT(I4,"DDD") -> Mon | J5: =TEXT(J4,"DDD") -> Tue | K5: =TEXT(K4,"DDD") -> Wed | L5: =TEXT(L4,"DDD") -> Thu | M5: =TEXT(M4,"DDD") -> Fri | N5: =TEXT(N4,"DDD") -> Sat | O5: =TEXT(O4,"DDD") -> Sun | ... AL5: =TEXT(AL4,"DDD") -> Tue | AN5: CL | AO5: PL | AP5: SL | AQ5: ML | AR5: HD | AS5: WH | AT5: H | AU5: WO | AV5: A | AW5: LWP
D6: 1 | E6: =Setting!E4 | F6: =IFERROR(VLOOKUP(E6,Setting!$E:$G,2,0),"") | G6: =IFERROR(VLOOKUP(E6,Setting!$E:$G,3,0),"") | AM6: =SUM(AN6:AW6) -> 0 | AN6: =COUNTIF($H6:$AL6,AN$5) -> 0 | AO6: =COUNTIF($H6:$AL6,AO$5) -> 0 | AP6: =COUNTIF($H6:$AL6,AP$5) -> 0 | AQ6: =COUNTIF($H6:$AL6,AQ$5) -> 0 | AR6: =COUNTIF($H6:$AL6,AR$5) -> 0 | AS6: =COUNTIF($H6:$AL6,AS$5) -> 0 | AT6: =COUNTIF($H6:$AL6,AT$5) -> 0 | AU6: =COUNTIF($H6:$AL6,AU$5) -> 0 | ... AW6: =COUNTIF($H6:$AL6,AW$5) -> 0
D7: 2 | E7: =Setting!E5 | F7: =IFERROR(VLOOKUP(E7,Setting!$E:$G,2,0),"") | G7: =IFERROR(VLOOKUP(E7,Setting!$E:$G,3,0),"") | AM7: =SUM(AN7:AW7) -> 0 | AN7: =COUNTIF($H7:$AL7,AN$5) -> 0 | AO7: =COUNTIF($H7:$AL7,AO$5) -> 0 | AP7: =COUNTIF($H7:$AL7,AP$5) -> 0 | AQ7: =COUNTIF($H7:$AL7,AQ$5) -> 0 | AR7: =COUNTIF($H7:$AL7,AR$5) -> 0 | AS7: =COUNTIF($H7:$AL7,AS$5) -> 0 | AT7: =COUNTIF($H7:$AL7,AT$5) -> 0 | AU7: =COUNTIF($H7:$AL7,AU$5) -> 0 | ... AW7: =COUNTIF($H7:$AL7,AW$5) -> 0
D8: 3 | E8: =Setting!E6 | F8: =IFERROR(VLOOKUP(E8,Setting!$E:$G,2,0),"") | G8: =IFERROR(VLOOKUP(E8,Setting!$E:$G,3,0),"") | AM8: =SUM(AN8:AW8) -> 0 | AN8: =COUNTIF($H8:$AL8,AN$5) -> 0 | AO8: =COUNTIF($H8:$AL8,AO$5) -> 0 | AP8: =COUNTIF($H8:$AL8,AP$5) -> 0 | AQ8: =COUNTIF($H8:$AL8,AQ$5) -> 0 | AR8: =COUNTIF($H8:$AL8,AR$5) -> 0 | AS8: =COUNTIF($H8:$AL8,AS$5) -> 0 | AT8: =COUNTIF($H8:$AL8,AT$5) -> 0 | AU8: =COUNTIF($H8:$AL8,AU$5) -> 0 | ... AW8: =COUNTIF($H8:$AL8,AW$5) -> 0
D9: 4 | E9: =Setting!E7 | F9: =IFERROR(VLOOKUP(E9,Setting!$E:$G,2,0),"") | G9: =IFERROR(VLOOKUP(E9,Setting!$E:$G,3,0),"") | AM9: =SUM(AN9:AW9) -> 0 | AN9: =COUNTIF($H9:$AL9,AN$5) -> 0 | AO9: =COUNTIF($H9:$AL9,AO$5) -> 0 | AP9: =COUNTIF($H9:$AL9,AP$5) -> 0 | AQ9: =COUNTIF($H9:$AL9,AQ$5) -> 0 | AR9: =COUNTIF($H9:$AL9,AR$5) -> 0 | AS9: =COUNTIF($H9:$AL9,AS$5) -> 0 | AT9: =COUNTIF($H9:$AL9,AT$5) -> 0 | AU9: =COUNTIF($H9:$AL9,AU$5) -> 0 | ... AW9: =COUNTIF($H9:$AL9,AW$5) -> 0
D10: 5 | E10: =Setting!E8 | F10: =IFERROR(VLOOKUP(E10,Setting!$E:$G,2,0),"") | G10: =IFERROR(VLOOKUP(E10,Setting!$E:$G,3,0),"") | AM10: =SUM(AN10:AW10) -> 0 | AN10: =COUNTIF($H10:$AL10,AN$5) -> 0 | AO10: =COUNTIF($H10:$AL10,AO$5) -> 0 | AP10: =COUNTIF($H10:$AL10,AP$5) -> 0 | AQ10: =COUNTIF($H10:$AL10,AQ$5) -> 0 | AR10: =COUNTIF($H10:$AL10,AR$5) -> 0 | AS10: =COUNTIF($H10:$AL10,AS$5) -> 0 | AT10: =COUNTIF($H10:$AL10,AT$5) -> 0 | AU10: =COUNTIF($H10:$AL10,AU$5) -> 0 | ... AW10: =COUNTIF($H10:$AL10,AW$5) -> 0
D11: 6 | E11: =Setting!E9 | F11: =IFERROR(VLOOKUP(E11,Setting!$E:$G,2,0),"") | G11: =IFERROR(VLOOKUP(E11,Setting!$E:$G,3,0),"") | AM11: =SUM(AN11:AW11) -> 0 | AN11: =COUNTIF($H11:$AL11,AN$5) -> 0 | AO11: =COUNTIF($H11:$AL11,AO$5) -> 0 | AP11: =COUNTIF($H11:$AL11,AP$5) -> 0 | AQ11: =COUNTIF($H11:$AL11,AQ$5) -> 0 | AR11: =COUNTIF($H11:$AL11,AR$5) -> 0 | AS11: =COUNTIF($H11:$AL11,AS$5) -> 0 | AT11: =COUNTIF($H11:$AL11,AT$5) -> 0 | AU11: =COUNTIF($H11:$AL11,AU$5) -> 0 | ... AW11: =COUNTIF($H11:$AL11,AW$5) -> 0
D12: 7 | E12: =Setting!E10 | F12: =IFERROR(VLOOKUP(E12,Setting!$E:$G,2,0),"") | G12: =IFERROR(VLOOKUP(E12,Setting!$E:$G,3,0),"") | AM12: =SUM(AN12:AW12) -> 0 | AN12: =COUNTIF($H12:$AL12,AN$5) -> 0 | AO12: =COUNTIF($H12:$AL12,AO$5) -> 0 | AP12: =COUNTIF($H12:$AL12,AP$5) -> 0 | AQ12: =COUNTIF($H12:$AL12,AQ$5) -> 0 | AR12: =COUNTIF($H12:$AL12,AR$5) -> 0 | AS12: =COUNTIF($H12:$AL12,AS$5) -> 0 | AT12: =COUNTIF($H12:$AL12,AT$5) -> 0 | AU12: =COUNTIF($H12:$AL12,AU$5) -> 0 | ... AW12: =COUNTIF($H12:$AL12,AW$5) -> 0
D13: 8 | E13: =Setting!E11 | F13: =IFERROR(VLOOKUP(E13,Setting!$E:$G,2,0),"") | G13: =IFERROR(VLOOKUP(E13,Setting!$E:$G,3,0),"") | AM13: =SUM(AN13:AW13) -> 0 | AN13: =COUNTIF($H13:$AL13,AN$5) -> 0 | AO13: =COUNTIF($H13:$AL13,AO$5) -> 0 | AP13: =COUNTIF($H13:$AL13,AP$5) -> 0 | AQ13: =COUNTIF($H13:$AL13,AQ$5) -> 0 | AR13: =COUNTIF($H13:$AL13,AR$5) -> 0 | AS13: =COUNTIF($H13:$AL13,AS$5) -> 0 | AT13: =COUNTIF($H13:$AL13,AT$5) -> 0 | AU13: =COUNTIF($H13:$AL13,AU$5) -> 0 | ... AW13: =COUNTIF($H13:$AL13,AW$5) -> 0
D14: 9 | E14: =Setting!E12 | F14: =IFERROR(VLOOKUP(E14,Setting!$E:$G,2,0),"") | G14: =IFERROR(VLOOKUP(E14,Setting!$E:$G,3,0),"") | AM14: =SUM(AN14:AW14) -> 0 | AN14: =COUNTIF($H14:$AL14,AN$5) -> 0 | AO14: =COUNTIF($H14:$AL14,AO$5) -> 0 | AP14: =COUNTIF($H14:$AL14,AP$5) -> 0 | AQ14: =COUNTIF($H14:$AL14,AQ$5) -> 0 | AR14: =COUNTIF($H14:$AL14,AR$5) -> 0 | AS14: =COUNTIF($H14:$AL14,AS$5) -> 0 | AT14: =COUNTIF($H14:$AL14,AT$5) -> 0 | AU14: =COUNTIF($H14:$AL14,AU$5) -> 0 | ... AW14: =COUNTIF($H14:$AL14,AW$5) -> 0
D15: 10 | E15: =Setting!E13 | F15: =IFERROR(VLOOKUP(E15,Setting!$E:$G,2,0),"") | G15: =IFERROR(VLOOKUP(E15,Setting!$E:$G,3,0),"") | AM15: =SUM(AN15:AW15) -> 0 | AN15: =COUNTIF($H15:$AL15,AN$5) -> 0 | AO15: =COUNTIF($H15:$AL15,AO$5) -> 0 | AP15: =COUNTIF($H15:$AL15,AP$5) -> 0 | AQ15: =COUNTIF($H15:$AL15,AQ$5) -> 0 | AR15: =COUNTIF($H15:$AL15,AR$5) -> 0 | AS15: =COUNTIF($H15:$AL15,AS$5) -> 0 | AT15: =COUNTIF($H15:$AL15,AT$5) -> 0 | AU15: =COUNTIF($H15:$AL15,AU$5) -> 0 | ... AW15: =COUNTIF($H15:$AL15,AW$5) -> 0
D16: 11 | E16: =Setting!E14 | F16: =IFERROR(VLOOKUP(E16,Setting!$E:$G,2,0),"") | G16: =IFERROR(VLOOKUP(E16,Setting!$E:$G,3,0),"") | AM16: =SUM(AN16:AW16) -> 0 | AN16: =COUNTIF($H16:$AL16,AN$5) -> 0 | AO16: =COUNTIF($H16:$AL16,AO$5) -> 0 | AP16: =COUNTIF($H16:$AL16,AP$5) -> 0 | AQ16: =COUNTIF($H16:$AL16,AQ$5) -> 0 | AR16: =COUNTIF($H16:$AL16,AR$5) -> 0 | AS16: =COUNTIF($H16:$AL16,AS$5) -> 0 | AT16: =COUNTIF($H16:$AL16,AT$5) -> 0 | AU16: =COUNTIF($H16:$AL16,AU$5) -> 0 | ... AW16: =COUNTIF($H16:$AL16,AW$5) -> 0
D17: 12 | E17: =Setting!E15 | F17: =IFERROR(VLOOKUP(E17,Setting!$E:$G,2,0),"") | G17: =IFERROR(VLOOKUP(E17,Setting!$E:$G,3,0),"") | AM17: =SUM(AN17:AW17) -> 0 | AN17: =COUNTIF($H17:$AL17,AN$5) -> 0 | AO17: =COUNTIF($H17:$AL17,AO$5) -> 0 | AP17: =COUNTIF($H17:$AL17,AP$5) -> 0 | AQ17: =COUNTIF($H17:$AL17,AQ$5) -> 0 | AR17: =COUNTIF($H17:$AL17,AR$5) -> 0 | AS17: =COUNTIF($H17:$AL17,AS$5) -> 0 | AT17: =COUNTIF($H17:$AL17,AT$5) -> 0 | AU17: =COUNTIF($H17:$AL17,AU$5) -> 0 | ... AW17: =COUNTIF($H17:$AL17,AW$5) -> 0
... D25: 20 | E25: =Setting!E23 | F25: =IFERROR(VLOOKUP(E25,Setting!$E:$G,2,0),"") | G25: =IFERROR(VLOOKUP(E25,Setting!$E:$G,3,0),"") | AM25: =SUM(AN25:AW25) -> 0 | AN25: =COUNTIF($H25:$AL25,AN$5) -> 0 | AO25: =COUNTIF($H25:$AL25,AO$5) -> 0 | AP25: =COUNTIF($H25:$AL25,AP$5) -> 0 | AQ25: =COUNTIF($H25:$AL25,AQ$5) -> 0 | AR25: =COUNTIF($H25:$AL25,AR$5) -> 0 | AS25: =COUNTIF($H25:$AL25,AS$5) -> 0 | AT25: =COUNTIF($H25:$AL25,AT$5) -> 0 | AU25: =COUNTIF($H25:$AL25,AU$5) -> 0 | ... AW25: =COUNTIF($H25:$AL25,AW$5) -> 0

Sheet February
I2: Monthly Leave Tracker
F3: February | G3: 2023 | H3: =IFERROR(VLOOKUP(H4,Holidays,2,0),"") | I3: =IFERROR(VLOOKUP(I4,Holidays,2,0),"") | J3: =IFERROR(VLOOKUP(J4,Holidays,2,0),"") | K3: =IFERROR(VLOOKUP(K4,Holidays,2,0),"") | L3: =IFERROR(VLOOKUP(L4,Holidays,2,0),"") | M3: =IFERROR(VLOOKUP(M4,Holidays,2,0),"") | N3: =IFERROR(VLOOKUP(N4,Holidays,2,0),"") | O3: =IFERROR(VLOOKUP(O4,Holidays,2,0),"") | ... AL3: =IFERROR(VLOOKUP(AL4,Holidays,2,0),"") | AM3: Summary
D4: SL. No. | E4: Emp. Code | F4: Employee Name | G4: Designation | H4: =DATEVALUE("1"&F3&G3) -> 44958 | I4: =IF(H$4<EOMONTH($H$4,0),H4+1,"EOM") -> 44959 | J4: =IF(I$4<EOMONTH($H$4,0),I4+1,"EOM") -> 44960 | K4: =IF(J$4<EOMONTH($H$4,0),J4+1,"EOM") -> 44961 | L4: =IF(K$4<EOMONTH($H$4,0),K4+1,"EOM") -> 44962 | M4: =IF(L$4<EOMONTH($H$4,0),L4+1,"EOM") -> 44963 | N4: =IF(M$4<EOMONTH($H$4,0),M4+1,"EOM") -> 44964 | O4: =IF(N$4<EOMONTH($H$4,0),N4+1,"EOM") -> 44965 | P4: =IF(O$4<EOMONTH($H$4,0),O4+1,"EOM") -> 44966 | ... AL4: =IF(AK$4<EOMONTH($H$4,0),AK4+1,"EOM") -> EOM | AM4: Total Leaves | AN4: Casual Leave | AO4: Privilaged Leave | AP4: Sick Leave | AQ4: Maternity or Paternity | AR4: Half Day | AS4: Work from Home | AT4: Holidays | AU4: Week Offs | AV4: Total Absent / No Show | AW4: Leave Without Pay
H5: =TEXT(H4,"DDD") -> Wed | I5: =TEXT(I4,"DDD") -> Thu | J5: =TEXT(J4,"DDD") -> Fri | K5: =TEXT(K4,"DDD") -> Sat | L5: =TEXT(L4,"DDD") -> Sun | M5: =TEXT(M4,"DDD") -> Mon | N5: =TEXT(N4,"DDD") -> Tue | O5: =TEXT(O4,"DDD") -> Wed | ... AL5: =TEXT(AL4,"DDD") -> EOM | AN5: CL | AO5: PL | AP5: SL | AQ5: ML | AR5: HD | AS5: WH | AT5: H | AU5: WO | AV5: A | AW5: LWP
D6: 1 | E6: =Setting!E4 | F6: =IFERROR(VLOOKUP(E6,Setting!$E:$G,2,0),"") | G6: =IFERROR(VLOOKUP(E6,Setting!$E:$G,3,0),"") | AM6: =SUM(AN6:AW6) -> 0 | AN6: =COUNTIF($H6:$AL6,AN$5) -> 0 | AO6: =COUNTIF($H6:$AL6,AO$5) -> 0 | AP6: =COUNTIF($H6:$AL6,AP$5) -> 0 | AQ6: =COUNTIF($H6:$AL6,AQ$5) -> 0 | AR6: =COUNTIF($H6:$AL6,AR$5) -> 0 | AS6: =COUNTIF($H6:$AL6,AS$5) -> 0 | AT6: =COUNTIF($H6:$AL6,AT$5) -> 0 | AU6: =COUNTIF($H6:$AL6,AU$5) -> 0 | ... AW6: =COUNTIF($H6:$AL6,AW$5) -> 0
D7: 2 | E7: =Setting!E5 | F7: =IFERROR(VLOOKUP(E7,Setting!$E:$G,2,0),"") | G7: =IFERROR(VLOOKUP(E7,Setting!$E:$G,3,0),"") | AM7: =SUM(AN7:AW7) -> 0 | AN7: =COUNTIF($H7:$AL7,AN$5) -> 0 | AO7: =COUNTIF($H7:$AL7,AO$5) -> 0 | AP7: =COUNTIF($H7:$AL7,AP$5) -> 0 | AQ7: =COUNTIF($H7:$AL7,AQ$5) -> 0 | AR7: =COUNTIF($H7:$AL7,AR$5) -> 0 | AS7: =COUNTIF($H7:$AL7,AS$5) -> 0 | AT7: =COUNTIF($H7:$AL7,AT$5) -> 0 | AU7: =COUNTIF($H7:$AL7,AU$5) -> 0 | ... AW7: =COUNTIF($H7:$AL7,AW$5) -> 0
D8: 3 | E8: =Setting!E6 | F8: =IFERROR(VLOOKUP(E8,Setting!$E:$G,2,0),"") | G8: =IFERROR(VLOOKUP(E8,Setting!$E:$G,3,0),"") | AM8: =SUM(AN8:AW8) -> 0 | AN8: =COUNTIF($H8:$AL8,AN$5) -> 0 | AO8: =COUNTIF($H8:$AL8,AO$5) -> 0 | AP8: =COUNTIF($H8:$AL8,AP$5) -> 0 | AQ8: =COUNTIF($H8:$AL8,AQ$5) -> 0 | AR8: =COUNTIF($H8:$AL8,AR$5) -> 0 | AS8: =COUNTIF($H8:$AL8,AS$5) -> 0 | AT8: =COUNTIF($H8:$AL8,AT$5) -> 0 | AU8: =COUNTIF($H8:$AL8,AU$5) -> 0 | ... AW8: =COUNTIF($H8:$AL8,AW$5) -> 0
D9: 4 | E9: =Setting!E7 | F9: =IFERROR(VLOOKUP(E9,Setting!$E:$G,2,0),"") | G9: =IFERROR(VLOOKUP(E9,Setting!$E:$G,3,0),"") | AM9: =SUM(AN9:AW9) -> 0 | AN9: =COUNTIF($H9:$AL9,AN$5) -> 0 | AO9: =COUNTIF($H9:$AL9,AO$5) -> 0 | AP9: =COUNTIF($H9:$AL9,AP$5) -> 0 | AQ9: =COUNTIF($H9:$AL9,AQ$5) -> 0 | AR9: =COUNTIF($H9:$AL9,AR$5) -> 0 | AS9: =COUNTIF($H9:$AL9,AS$5) -> 0 | AT9: =COUNTIF($H9:$AL9,AT$5) -> 0 | AU9: =COUNTIF($H9:$AL9,AU$5) -> 0 | ... AW9: =COUNTIF($H9:$AL9,AW$5) -> 0
D10: 5 | E10: =Setting!E8 | F10: =IFERROR(VLOOKUP(E10,Setting!$E:$G,2,0),"") | G10: =IFERROR(VLOOKUP(E10,Setting!$E:$G,3,0),"") | AM10: =SUM(AN10:AW10) -> 0 | AN10: =COUNTIF($H10:$AL10,AN$5) -> 0 | AO10: =COUNTIF($H10:$AL10,AO$5) -> 0 | AP10: =COUNTIF($H10:$AL10,AP$5) -> 0 | AQ10: =COUNTIF($H10:$AL10,AQ$5) -> 0 | AR10: =COUNTIF($H10:$AL10,AR$5) -> 0 | AS10: =COUNTIF($H10:$AL10,AS$5) -> 0 | AT10: =COUNTIF($H10:$AL10,AT$5) -> 0 | AU10: =COUNTIF($H10:$AL10,AU$5) -> 0 | ... AW10: =COUNTIF($H10:$AL10,AW$5) -> 0
D11: 6 | E11: =Setting!E9 | F11: =IFERROR(VLOOKUP(E11,Setting!$E:$G,2,0),"") | G11: =IFERROR(VLOOKUP(E11,Setting!$E:$G,3,0),"") | AM11: =SUM(AN11:AW11) -> 0 | AN11: =COUNTIF($H11:$AL11,AN$5) -> 0 | AO11: =COUNTIF($H11:$AL11,AO$5) -> 0 | AP11: =COUNTIF($H11:$AL11,AP$5) -> 0 | AQ11: =COUNTIF($H11:$AL11,AQ$5) -> 0 | AR11: =COUNTIF($H11:$AL11,AR$5) -> 0 | AS11: =COUNTIF($H11:$AL11,AS$5) -> 0 | AT11: =COUNTIF($H11:$AL11,AT$5) -> 0 | AU11: =COUNTIF($H11:$AL11,AU$5) -> 0 | ... AW11: =COUNTIF($H11:$AL11,AW$5) -> 0
D12: 7 | E12: =Setting!E10 | F12: =IFERROR(VLOOKUP(E12,Setting!$E:$G,2,0),"") | G12: =IFERROR(VLOOKUP(E12,Setting!$E:$G,3,0),"") | AM12: =SUM(AN12:AW12) -> 0 | AN12: =COUNTIF($H12:$AL12,AN$5) -> 0 | AO12: =COUNTIF($H12:$AL12,AO$5) -> 0 | AP12: =COUNTIF($H12:$AL12,AP$5) -> 0 | AQ12: =COUNTIF($H12:$AL12,AQ$5) -> 0 | AR12: =COUNTIF($H12:$AL12,AR$5) -> 0 | AS12: =COUNTIF($H12:$AL12,AS$5) -> 0 | AT12: =COUNTIF($H12:$AL12,AT$5) -> 0 | AU12: =COUNTIF($H12:$AL12,AU$5) -> 0 | ... AW12: =COUNTIF($H12:$AL12,AW$5) -> 0
D13: 8 | E13: =Setting!E11 | F13: =IFERROR(VLOOKUP(E13,Setting!$E:$G,2,0),"") | G13: =IFERROR(VLOOKUP(E13,Setting!$E:$G,3,0),"") | AM13: =SUM(AN13:AW13) -> 0 | AN13: =COUNTIF($H13:$AL13,AN$5) -> 0 | AO13: =COUNTIF($H13:$AL13,AO$5) -> 0 | AP13: =COUNTIF($H13:$AL13,AP$5) -> 0 | AQ13: =COUNTIF($H13:$AL13,AQ$5) -> 0 | AR13: =COUNTIF($H13:$AL13,AR$5) -> 0 | AS13: =COUNTIF($H13:$AL13,AS$5) -> 0 | AT13: =COUNTIF($H13:$AL13,AT$5) -> 0 | AU13: =COUNTIF($H13:$AL13,AU$5) -> 0 | ... AW13: =COUNTIF($H13:$AL13,AW$5) -> 0
D14: 9 | E14: =Setting!E12 | F14: =IFERROR(VLOOKUP(E14,Setting!$E:$G,2,0),"") | G14: =IFERROR(VLOOKUP(E14,Setting!$E:$G,3,0),"") | AM14: =SUM(AN14:AW14) -> 0 | AN14: =COUNTIF($H14:$AL14,AN$5) -> 0 | AO14: =COUNTIF($H14:$AL14,AO$5) -> 0 | AP14: =COUNTIF($H14:$AL14,AP$5) -> 0 | AQ14: =COUNTIF($H14:$AL14,AQ$5) -> 0 | AR14: =COUNTIF($H14:$AL14,AR$5) -> 0 | AS14: =COUNTIF($H14:$AL14,AS$5) -> 0 | AT14: =COUNTIF($H14:$AL14,AT$5) -> 0 | AU14: =COUNTIF($H14:$AL14,AU$5) -> 0 | ... AW14: =COUNTIF($H14:$AL14,AW$5) -> 0
D15: 10 | E15: =Setting!E13 | F15: =IFERROR(VLOOKUP(E15,Setting!$E:$G,2,0),"") | G15: =IFERROR(VLOOKUP(E15,Setting!$E:$G,3,0),"") | AM15: =SUM(AN15:AW15) -> 0 | AN15: =COUNTIF($H15:$AL15,AN$5) -> 0 | AO15: =COUNTIF($H15:$AL15,AO$5) -> 0 | AP15: =COUNTIF($H15:$AL15,AP$5) -> 0 | AQ15: =COUNTIF($H15:$AL15,AQ$5) -> 0 | AR15: =COUNTIF($H15:$AL15,AR$5) -> 0 | AS15: =COUNTIF($H15:$AL15,AS$5) -> 0 | AT15: =COUNTIF($H15:$AL15,AT$5) -> 0 | AU15: =COUNTIF($H15:$AL15,AU$5) -> 0 | ... AW15: =COUNTIF($H15:$AL15,AW$5) -> 0
D16: 11 | E16: =Setting!E14 | F16: =IFERROR(VLOOKUP(E16,Setting!$E:$G,2,0),"") | G16: =IFERROR(VLOOKUP(E16,Setting!$E:$G,3,0),"") | AM16: =SUM(AN16:AW16) -> 0 | AN16: =COUNTIF($H16:$AL16,AN$5) -> 0 | AO16: =COUNTIF($H16:$AL16,AO$5) -> 0 | AP16: =COUNTIF($H16:$AL16,AP$5) -> 0 | AQ16: =COUNTIF($H16:$AL16,AQ$5) -> 0 | AR16: =COUNTIF($H16:$AL16,AR$5) -> 0 | AS16: =COUNTIF($H16:$AL16,AS$5) -> 0 | AT16: =COUNTIF($H16:$AL16,AT$5) -> 0 | AU16: =COUNTIF($H16:$AL16,AU$5) -> 0 | ... AW16: =COUNTIF($H16:$AL16,AW$5) -> 0
D17: 12 | E17: =Setting!E15 | F17: =IFERROR(VLOOKUP(E17,Setting!$E:$G,2,0),"") | G17: =IFERROR(VLOOKUP(E17,Setting!$E:$G,3,0),"") | AM17: =SUM(AN17:AW17) -> 0 | AN17: =COUNTIF($H17:$AL17,AN$5) -> 0 | AO17: =COUNTIF($H17:$AL17,AO$5) -> 0 | AP17: =COUNTIF($H17:$AL17,AP$5) -> 0 | AQ17: =COUNTIF($H17:$AL17,AQ$5) -> 0 | AR17: =COUNTIF($H17:$AL17,AR$5) -> 0 | AS17: =COUNTIF($H17:$AL17,AS$5) -> 0 | AT17: =COUNTIF($H17:$AL17,AT$5) -> 0 | AU17: =COUNTIF($H17:$AL17,AU$5) -> 0 | ... AW17: =COUNTIF($H17:$AL17,AW$5) -> 0
... D25: 20 | E25: =Setting!E23 | F25: =IFERROR(VLOOKUP(E25,Setting!$E:$G,2,0),"") | G25: =IFERROR(VLOOKUP(E25,Setting!$E:$G,3,0),"") | AM25: =SUM(AN25:AW25) -> 0 | AN25: =COUNTIF($H25:$AL25,AN$5) -> 0 | AO25: =COUNTIF($H25:$AL25,AO$5) -> 0 | AP25: =COUNTIF($H25:$AL25,AP$5) -> 0 | AQ25: =COUNTIF($H25:$AL25,AQ$5) -> 0 | AR25: =COUNTIF($H25:$AL25,AR$5) -> 0 | AS25: =COUNTIF($H25:$AL25,AS$5) -> 0 | AT25: =COUNTIF($H25:$AL25,AT$5) -> 0 | AU25: =COUNTIF($H25:$AL25,AU$5) -> 0 | ... AW25: =COUNTIF($H25:$AL25,AW$5) -> 0

Sheet March
I2: Monthly Leave Tracker
F3: March | G3: 2023 | H3: =IFERROR(VLOOKUP(H4,Holidays,2,0),"") | I3: =IFERROR(VLOOKUP(I4,Holidays,2,0),"") | J3: =IFERROR(VLOOKUP(J4,Holidays,2,0),"") | K3: =IFERROR(VLOOKUP(K4,Holidays,2,0),"") | L3: =IFERROR(VLOOKUP(L4,Holidays,2,0),"") | M3: =IFERROR(VLOOKUP(M4,Holidays,2,0),"") | N3: =IFERROR(VLOOKUP(N4,Holidays,2,0),"") | O3: =IFERROR(VLOOKUP(O4,Holidays,2,0),"") | ... AL3: =IFERROR(VLOOKUP(AL4,Holidays,2,0),"") | AM3: Summary
D4: SL. No. | E4: Emp. Code | F4: Employee Name | G4: Designation | H4: =DATEVALUE("1"&F3&G3) -> 44986 | I4: =IF(H$4<EOMONTH($H$4,0),H4+1,"EOM") -> 44987 | J4: =IF(I$4<EOMONTH($H$4,0),I4+1,"EOM") -> 44988 | K4: =IF(J$4<EOMONTH($H$4,0),J4+1,"EOM") -> 44989 | L4: =IF(K$4<EOMONTH($H$4,0),K4+1,"EOM") -> 44990 | M4: =IF(L$4<EOMONTH($H$4,0),L4+1,"EOM") -> 44991 | N4: =IF(M$4<EOMONTH($H$4,0),M4+1,"EOM") -> 44992 | O4: =IF(N$4<EOMONTH($H$4,0),N4+1,"EOM") -> 44993 | P4: =IF(O$4<EOMONTH($H$4,0),O4+1,"EOM") -> 44994 | ... AL4: =IF(AK$4<EOMONTH($H$4,0),AK4+1,"EOM") -> 45016 | AM4: Total Leaves | AN4: Casual Leave | AO4: Privilaged Leave | AP4: Sick Leave | AQ4: Maternity or Paternity | AR4: Half Day | AS4: Work from Home | AT4: Holidays | AU4: Week Offs | AV4: Total Absent / No Show | AW4: Leave Without Pay
H5: =TEXT(H4,"DDD") -> Wed | I5: =TEXT(I4,"DDD") -> Thu | J5: =TEXT(J4,"DDD") -> Fri | K5: =TEXT(K4,"DDD") -> Sat | L5: =TEXT(L4,"DDD") -> Sun | M5: =TEXT(M4,"DDD") -> Mon | N5: =TEXT(N4,"DDD") -> Tue | O5: =TEXT(O4,"DDD") -> Wed | ... AL5: =TEXT(AL4,"DDD") -> Fri | AN5: CL | AO5: PL | AP5: SL | AQ5: ML | AR5: HD | AS5: WH | AT5: H | AU5: WO | AV5: A | AW5: LWP
D6: 1 | E6: =Setting!E4 | F6: =IFERROR(VLOOKUP(E6,Setting!$E:$G,2,0),"") | G6: =IFERROR(VLOOKUP(E6,Setting!$E:$G,3,0),"") | AM6: =SUM(AN6:AW6) -> 0 | AN6: =COUNTIF($H6:$AL6,AN$5) -> 0 | AO6: =COUNTIF($H6:$AL6,AO$5) -> 0 | AP6: =COUNTIF($H6:$AL6,AP$5) -> 0 | AQ6: =COUNTIF($H6:$AL6,AQ$5) -> 0 | AR6: =COUNTIF($H6:$AL6,AR$5) -> 0 | AS6: =COUNTIF($H6:$AL6,AS$5) -> 0 | AT6: =COUNTIF($H6:$AL6,AT$5) -> 0 | AU6: =COUNTIF($H6:$AL6,AU$5) -> 0 | ... AW6: =COUNTIF($H6:$AL6,AW$5) -> 0
D7: 2 | E7: =Setting!E5 | F7: =IFERROR(VLOOKUP(E7,Setting!$E:$G,2,0),"") | G7: =IFERROR(VLOOKUP(E7,Setting!$E:$G,3,0),"") | AM7: =SUM(AN7:AW7) -> 0 | AN7: =COUNTIF($H7:$AL7,AN$5) -> 0 | AO7: =COUNTIF($H7:$AL7,AO$5) -> 0 | AP7: =COUNTIF($H7:$AL7,AP$5) -> 0 | AQ7: =COUNTIF($H7:$AL7,AQ$5) -> 0 | AR7: =COUNTIF($H7:$AL7,AR$5) -> 0 | AS7: =COUNTIF($H7:$AL7,AS$5) -> 0 | AT7: =COUNTIF($H7:$AL7,AT$5) -> 0 | AU7: =COUNTIF($H7:$AL7,AU$5) -> 0 | ... AW7: =COUNTIF($H7:$AL7,AW$5) -> 0
D8: 3 | E8: =Setting!E6 | F8: =IFERROR(VLOOKUP(E8,Setting!$E:$G,2,0),"") | G8: =IFERROR(VLOOKUP(E8,Setting!$E:$G,3,0),"") | AM8: =SUM(AN8:AW8) -> 0 | AN8: =COUNTIF($H8:$AL8,AN$5) -> 0 | AO8: =COUNTIF($H8:$AL8,AO$5) -> 0 | AP8: =COUNTIF($H8:$AL8,AP$5) -> 0 | AQ8: =COUNTIF($H8:$AL8,AQ$5) -> 0 | AR8: =COUNTIF($H8:$AL8,AR$5) -> 0 | AS8: =COUNTIF($H8:$AL8,AS$5) -> 0 | AT8: =COUNTIF($H8:$AL8,AT$5) -> 0 | AU8: =COUNTIF($H8:$AL8,AU$5) -> 0 | ... AW8: =COUNTIF($H8:$AL8,AW$5) -> 0
D9: 4 | E9: =Setting!E7 | F9: =IFERROR(VLOOKUP(E9,Setting!$E:$G,2,0),"") | G9: =IFERROR(VLOOKUP(E9,Setting!$E:$G,3,0),"") | AM9: =SUM(AN9:AW9) -> 0 | AN9: =COUNTIF($H9:$AL9,AN$5) -> 0 | AO9: =COUNTIF($H9:$AL9,AO$5) -> 0 | AP9: =COUNTIF($H9:$AL9,AP$5) -> 0 | AQ9: =COUNTIF($H9:$AL9,AQ$5) -> 0 | AR9: =COUNTIF($H9:$AL9,AR$5) -> 0 | AS9: =COUNTIF($H9:$AL9,AS$5) -> 0 | AT9: =COUNTIF($H9:$AL9,AT$5) -> 0 | AU9: =COUNTIF($H9:$AL9,AU$5) -> 0 | ... AW9: =COUNTIF($H9:$AL9,AW$5) -> 0
D10: 5 | E10: =Setting!E8 | F10: =IFERROR(VLOOKUP(E10,Setting!$E:$G,2,0),"") | G10: =IFERROR(VLOOKUP(E10,Setting!$E:$G,3,0),"") | AM10: =SUM(AN10:AW10) -> 0 | AN10: =COUNTIF($H10:$AL10,AN$5) -> 0 | AO10: =COUNTIF($H10:$AL10,AO$5) -> 0 | AP10: =COUNTIF($H10:$AL10,AP$5) -> 0 | AQ10: =COUNTIF($H10:$AL10,AQ$5) -> 0 | AR10: =COUNTIF($H10:$AL10,AR$5) -> 0 | AS10: =COUNTIF($H10:$AL10,AS$5) -> 0 | AT10: =COUNTIF($H10:$AL10,AT$5) -> 0 | AU10: =COUNTIF($H10:$AL10,AU$5) -> 0 | ... AW10: =COUNTIF($H10:$AL10,AW$5) -> 0
D11: 6 | E11: =Setting!E9 | F11: =IFERROR(VLOOKUP(E11,Setting!$E:$G,2,0),"") | G11: =IFERROR(VLOOKUP(E11,Setting!$E:$G,3,0),"") | AM11: =SUM(AN11:AW11) -> 0 | AN11: =COUNTIF($H11:$AL11,AN$5) -> 0 | AO11: =COUNTIF($H11:$AL11,AO$5) -> 0 | AP11: =COUNTIF($H11:$AL11,AP$5) -> 0 | AQ11: =COUNTIF($H11:$AL11,AQ$5) -> 0 | AR11: =COUNTIF($H11:$AL11,AR$5) -> 0 | AS11: =COUNTIF($H11:$AL11,AS$5) -> 0 | AT11: =COUNTIF($H11:$AL11,AT$5) -> 0 | AU11: =COUNTIF($H11:$AL11,AU$5) -> 0 | ... AW11: =COUNTIF($H11:$AL11,AW$5) -> 0
D12: 7 | E12: =Setting!E10 | F12: =IFERROR(VLOOKUP(E12,Setting!$E:$G,2,0),"") | G12: =IFERROR(VLOOKUP(E12,Setting!$E:$G,3,0),"") | AM12: =SUM(AN12:AW12) -> 0 | AN12: =COUNTIF($H12:$AL12,AN$5) -> 0 | AO12: =COUNTIF($H12:$AL12,AO$5) -> 0 | AP12: =COUNTIF($H12:$AL12,AP$5) -> 0 | AQ12: =COUNTIF($H12:$AL12,AQ$5) -> 0 | AR12: =COUNTIF($H12:$AL12,AR$5) -> 0 | AS12: =COUNTIF($H12:$AL12,AS$5) -> 0 | AT12: =COUNTIF($H12:$AL12,AT$5) -> 0 | AU12: =COUNTIF($H12:$AL12,AU$5) -> 0 | ... AW12: =COUNTIF($H12:$AL12,AW$5) -> 0
D13: 8 | E13: =Setting!E11 | F13: =IFERROR(VLOOKUP(E13,Setting!$E:$G,2,0),"") | G13: =IFERROR(VLOOKUP(E13,Setting!$E:$G,3,0),"") | AM13: =SUM(AN13:AW13) -> 0 | AN13: =COUNTIF($H13:$AL13,AN$5) -> 0 | AO13: =COUNTIF($H13:$AL13,AO$5) -> 0 | AP13: =COUNTIF($H13:$AL13,AP$5) -> 0 | AQ13: =COUNTIF($H13:$AL13,AQ$5) -> 0 | AR13: =COUNTIF($H13:$AL13,AR$5) -> 0 | AS13: =COUNTIF($H13:$AL13,AS$5) -> 0 | AT13: =COUNTIF($H13:$AL13,AT$5) -> 0 | AU13: =COUNTIF($H13:$AL13,AU$5) -> 0 | ... AW13: =COUNTIF($H13:$AL13,AW$5) -> 0
D14: 9 | E14: =Setting!E12 | F14: =IFERROR(VLOOKUP(E14,Setting!$E:$G,2,0),"") | G14: =IFERROR(VLOOKUP(E14,Setting!$E:$G,3,0),"") | AM14: =SUM(AN14:AW14) -> 0 | AN14: =COUNTIF($H14:$AL14,AN$5) -> 0 | AO14: =COUNTIF($H14:$AL14,AO$5) -> 0 | AP14: =COUNTIF($H14:$AL14,AP$5) -> 0 | AQ14: =COUNTIF($H14:$AL14,AQ$5) -> 0 | AR14: =COUNTIF($H14:$AL14,AR$5) -> 0 | AS14: =COUNTIF($H14:$AL14,AS$5) -> 0 | AT14: =COUNTIF($H14:$AL14,AT$5) -> 0 | AU14: =COUNTIF($H14:$AL14,AU$5) -> 0 | ... AW14: =COUNTIF($H14:$AL14,AW$5) -> 0
D15: 10 | E15: =Setting!E13 | F15: =IFERROR(VLOOKUP(E15,Setting!$E:$G,2,0),"") | G15: =IFERROR(VLOOKUP(E15,Setting!$E:$G,3,0),"") | AM15: =SUM(AN15:AW15) -> 0 | AN15: =COUNTIF($H15:$AL15,AN$5) -> 0 | AO15: =COUNTIF($H15:$AL15,AO$5) -> 0 | AP15: =COUNTIF($H15:$AL15,AP$5) -> 0 | AQ15: =COUNTIF($H15:$AL15,AQ$5) -> 0 | AR15: =COUNTIF($H15:$AL15,AR$5) -> 0 | AS15: =COUNTIF($H15:$AL15,AS$5) -> 0 | AT15: =COUNTIF($H15:$AL15,AT$5) -> 0 | AU15: =COUNTIF($H15:$AL15,AU$5) -> 0 | ... AW15: =COUNTIF($H15:$AL15,AW$5) -> 0
D16: 11 | E16: =Setting!E14 | F16: =IFERROR(VLOOKUP(E16,Setting!$E:$G,2,0),"") | G16: =IFERROR(VLOOKUP(E16,Setting!$E:$G,3,0),"") | AM16: =SUM(AN16:AW16) -> 0 | AN16: =COUNTIF($H16:$AL16,AN$5) -> 0 | AO16: =COUNTIF($H16:$AL16,AO$5) -> 0 | AP16: =COUNTIF($H16:$AL16,AP$5) -> 0 | AQ16: =COUNTIF($H16:$AL16,AQ$5) -> 0 | AR16: =COUNTIF($H16:$AL16,AR$5) -> 0 | AS16: =COUNTIF($H16:$AL16,AS$5) -> 0 | AT16: =COUNTIF($H16:$AL16,AT$5) -> 0 | AU16: =COUNTIF($H16:$AL16,AU$5) -> 0 | ... AW16: =COUNTIF($H16:$AL16,AW$5) -> 0
D17: 12 | E17: =Setting!E15 | F17: =IFERROR(VLOOKUP(E17,Setting!$E:$G,2,0),"") | G17: =IFERROR(VLOOKUP(E17,Setting!$E:$G,3,0),"") | AM17: =SUM(AN17:AW17) -> 0 | AN17: =COUNTIF($H17:$AL17,AN$5) -> 0 | AO17: =COUNTIF($H17:$AL17,AO$5) -> 0 | AP17: =COUNTIF($H17:$AL17,AP$5) -> 0 | AQ17: =COUNTIF($H17:$AL17,AQ$5) -> 0 | AR17: =COUNTIF($H17:$AL17,AR$5) -> 0 | AS17: =COUNTIF($H17:$AL17,AS$5) -> 0 | AT17: =COUNTIF($H17:$AL17,AT$5) -> 0 | AU17: =COUNTIF($H17:$AL17,AU$5) -> 0 | ... AW17: =COUNTIF($H17:$AL17,AW$5) -> 0
... D25: 20 | E25: =Setting!E23 | F25: =IFERROR(VLOOKUP(E25,Setting!$E:$G,2,0),"") | G25: =IFERROR(VLOOKUP(E25,Setting!$E:$G,3,0),"") | AM25: =SUM(AN25:AW25) -> 0 | AN25: =COUNTIF($H25:$AL25,AN$5) -> 0 | AO25: =COUNTIF($H25:$AL25,AO$5) -> 0 | AP25: =COUNTIF($H25:$AL25,AP$5) -> 0 | AQ25: =COUNTIF($H25:$AL25,AQ$5) -> 0 | AR25: =COUNTIF($H25:$AL25,AR$5) -> 0 | AS25: =COUNTIF($H25:$AL25,AS$5) -> 0 | AT25: =COUNTIF($H25:$AL25,AT$5) -> 0 | AU25: =COUNTIF($H25:$AL25,AU$5) -> 0 | ... AW25: =COUNTIF($H25:$AL25,AW$5) -> 0

Sheet April
I2: Monthly Leave Tracker
F3: April | G3: 2023 | H3: =IFERROR(VLOOKUP(H4,Holidays,2,0),"") | I3: =IFERROR(VLOOKUP(I4,Holidays,2,0),"") | J3: =IFERROR(VLOOKUP(J4,Holidays,2,0),"") | K3: =IFERROR(VLOOKUP(K4,Holidays,2,0),"") | L3: =IFERROR(VLOOKUP(L4,Holidays,2,0),"") | M3: =IFERROR(VLOOKUP(M4,Holidays,2,0),"") | N3: =IFERROR(VLOOKUP(N4,Holidays,2,0),"") | O3: =IFERROR(VLOOKUP(O4,Holidays,2,0),"") | ... AL3: =IFERROR(VLOOKUP(AL4,Holidays,2,0),"") | AM3: Summary
D4: SL. No. | E4: Emp. Code | F4: Employee Name | G4: Designation | H4: =DATEVALUE("1"&F3&G3) -> 45017 | I4: =IF(H$4<EOMONTH($H$4,0),H4+1,"EOM") -> 45018 | J4: =IF(I$4<EOMONTH($H$4,0),I4+1,"EOM") -> 45019 | K4: =IF(J$4<EOMONTH($H$4,0),J4+1,"EOM") -> 45020 | L4: =IF(K$4<EOMONTH($H$4,0),K4+1,"EOM") -> 45021 | M4: =IF(L$4<EOMONTH($H$4,0),L4+1,"EOM") -> 45022 | N4: =IF(M$4<EOMONTH($H$4,0),M4+1,"EOM") -> 45023 | O4: =IF(N$4<EOMONTH($H$4,0),N4+1,"EOM") -> 45024 | P4: =IF(O$4<EOMONTH($H$4,0),O4+1,"EOM") -> 45025 | ... AL4: =IF(AK$4<EOMONTH($H$4,0),AK4+1,"EOM") -> EOM | AM4: Total Leaves | AN4: Casual Leave | AO4: Privilaged Leave | AP4: Sick Leave | AQ4: Maternity or Paternity | AR4: Half Day | AS4: Work from Home | AT4: Holidays | AU4: Week Offs | AV4: Total Absent / No Show | AW4: Leave Without Pay
H5: =TEXT(H4,"DDD") -> Sat | I5: =TEXT(I4,"DDD") -> Sun | J5: =TEXT(J4,"DDD") -> Mon | K5: =TEXT(K4,"DDD") -> Tue | L5: =TEXT(L4,"DDD") -> Wed | M5: =TEXT(M4,"DDD") -> Thu | N5: =TEXT(N4,"DDD") -> Fri | O5: =TEXT(O4,"DDD") -> Sat | ... AL5: =TEXT(AL4,"DDD") -> EOM | AN5: CL | AO5: PL | AP5: SL | AQ5: ML | AR5: HD | AS5: WH | AT5: H | AU5: WO | AV5: A | AW5: LWP
D6: 1 | E6: =Setting!E4 | F6: =IFERROR(VLOOKUP(E6,Setting!$E:$G,2,0),"") | G6: =IFERROR(VLOOKUP(E6,Setting!$E:$G,3,0),"") | AM6: =SUM(AN6:AW6) -> 0 | AN6: =COUNTIF($H6:$AL6,AN$5) -> 0 | AO6: =COUNTIF($H6:$AL6,AO$5) -> 0 | AP6: =COUNTIF($H6:$AL6,AP$5) -> 0 | AQ6: =COUNTIF($H6:$AL6,AQ$5) -> 0 | AR6: =COUNTIF($H6:$AL6,AR$5) -> 0 | AS6: =COUNTIF($H6:$AL6,AS$5) -> 0 | AT6: =COUNTIF($H6:$AL6,AT$5) -> 0 | AU6: =COUNTIF($H6:$AL6,AU$5) -> 0 | ... AW6: =COUNTIF($H6:$AL6,AW$5) -> 0
D7: 2 | E7: =Setting!E5 | F7: =IFERROR(VLOOKUP(E7,Setting!$E:$G,2,0),"") | G7: =IFERROR(VLOOKUP(E7,Setting!$E:$G,3,0),"") | AM7: =SUM(AN7:AW7) -> 0 | AN7: =COUNTIF($H7:$AL7,AN$5) -> 0 | AO7: =COUNTIF($H7:$AL7,AO$5) -> 0 | AP7: =COUNTIF($H7:$AL7,AP$5) -> 0 | AQ7: =COUNTIF($H7:$AL7,AQ$5) -> 0 | AR7: =COUNTIF($H7:$AL7,AR$5) -> 0 | AS7: =COUNTIF($H7:$AL7,AS$5) -> 0 | AT7: =COUNTIF($H7:$AL7,AT$5) -> 0 | AU7: =COUNTIF($H7:$AL7,AU$5) -> 0 | ... AW7: =COUNTIF($H7:$AL7,AW$5) -> 0
D8: 3 | E8: =Setting!E6 | F8: =IFERROR(VLOOKUP(E8,Setting!$E:$G,2,0),"") | G8: =IFERROR(VLOOKUP(E8,Setting!$E:$G,3,0),"") | AM8: =SUM(AN8:AW8) -> 0 | AN8: =COUNTIF($H8:$AL8,AN$5) -> 0 | AO8: =COUNTIF($H8:$AL8,AO$5) -> 0 | AP8: =COUNTIF($H8:$AL8,AP$5) -> 0 | AQ8: =COUNTIF($H8:$AL8,AQ$5) -> 0 | AR8: =COUNTIF($H8:$AL8,AR$5) -> 0 | AS8: =COUNTIF($H8:$AL8,AS$5) -> 0 | AT8: =COUNTIF($H8:$AL8,AT$5) -> 0 | AU8: =COUNTIF($H8:$AL8,AU$5) -> 0 | ... AW8: =COUNTIF($H8:$AL8,AW$5) -> 0
D9: 4 | E9: =Setting!E7 | F9: =IFERROR(VLOOKUP(E9,Setting!$E:$G,2,0),"") | G9: =IFERROR(VLOOKUP(E9,Setting!$E:$G,3,0),"") | AM9: =SUM(AN9:AW9) -> 0 | AN9: =COUNTIF($H9:$AL9,AN$5) -> 0 | AO9: =COUNTIF($H9:$AL9,AO$5) -> 0 | AP9: =COUNTIF($H9:$AL9,AP$5) -> 0 | AQ9: =COUNTIF($H9:$AL9,AQ$5) -> 0 | AR9: =COUNTIF($H9:$AL9,AR$5) -> 0 | AS9: =COUNTIF($H9:$AL9,AS$5) -> 0 | AT9: =COUNTIF($H9:$AL9,AT$5) -> 0 | AU9: =COUNTIF($H9:$AL9,AU$5) -> 0 | ... AW9: =COUNTIF($H9:$AL9,AW$5) -> 0
D10: 5 | E10: =Setting!E8 | G10: =IFERROR(VLOOKUP(E10,Setting!$E:$G,3,0),"") | AM10: =SUM(AN10:AW10) -> 0 | AN10: =COUNTIF($H10:$AL10,AN$5) -> 0 | AO10: =COUNTIF($H10:$AL10,AO$5) -> 0 | AP10: =COUNTIF($H10:$AL10,AP$5) -> 0 | AQ10: =COUNTIF($H10:$AL10,AQ$5) -> 0 | AR10: =COUNTIF($H10:$AL10,AR$5) -> 0 | AS10: =COUNTIF($H10:$AL10,AS$5) -> 0 | AT10: =COUNTIF($H10:$AL10,AT$5) -> 0 | AU10: =COUNTIF($H10:$AL10,AU$5) -> 0 | ... AW10: =COUNTIF($H10:$AL10,AW$5) -> 0
D11: 6 | E11: =Setting!E9 | F11: =IFERROR(VLOOKUP(E11,Setting!$E:$G,2,0),"") | G11: =IFERROR(VLOOKUP(E11,Setting!$E:$G,3,0),"") | AM11: =SUM(AN11:AW11) -> 0 | AN11: =COUNTIF($H11:$AL11,AN$5) -> 0 | AO11: =COUNTIF($H11:$AL11,AO$5) -> 0 | AP11: =COUNTIF($H11:$AL11,AP$5) -> 0 | AQ11: =COUNTIF($H11:$AL11,AQ$5) -> 0 | AR11: =COUNTIF($H11:$AL11,AR$5) -> 0 | AS11: =COUNTIF($H11:$AL11,AS$5) -> 0 | AT11: =COUNTIF($H11:$AL11,AT$5) -> 0 | AU11: =COUNTIF($H11:$AL11,AU$5) -> 0 | ... AW11: =COUNTIF($H11:$AL11,AW$5) -> 0
D12: 7 | E12: =Setting!E10 | F12: =IFERROR(VLOOKUP(E12,Setting!$E:$G,2,0),"") | G12: =IFERROR(VLOOKUP(E12,Setting!$E:$G,3,0),"") | AM12: =SUM(AN12:AW12) -> 0 | AN12: =COUNTIF($H12:$AL12,AN$5) -> 0 | AO12: =COUNTIF($H12:$AL12,AO$5) -> 0 | AP12: =COUNTIF($H12:$AL12,AP$5) -> 0 | AQ12: =COUNTIF($H12:$AL12,AQ$5) -> 0 | AR12: =COUNTIF($H12:$AL12,AR$5) -> 0 | AS12: =COUNTIF($H12:$AL12,AS$5) -> 0 | AT12: =COUNTIF($H12:$AL12,AT$5) -> 0 | AU12: =COUNTIF($H12:$AL12,AU$5) -> 0 | ... AW12: =COUNTIF($H12:$AL12,AW$5) -> 0
D13: 8 | E13: =Setting!E11 | F13: =IFERROR(VLOOKUP(E13,Setting!$E:$G,2,0),"") | G13: =IFERROR(VLOOKUP(E13,Setting!$E:$G,3,0),"") | AM13: =SUM(AN13:AW13) -> 0 | AN13: =COUNTIF($H13:$AL13,AN$5) -> 0 | AO13: =COUNTIF($H13:$AL13,AO$5) -> 0 | AP13: =COUNTIF($H13:$AL13,AP$5) -> 0 | AQ13: =COUNTIF($H13:$AL13,AQ$5) -> 0 | AR13: =COUNTIF($H13:$AL13,AR$5) -> 0 | AS13: =COUNTIF($H13:$AL13,AS$5) -> 0 | AT13: =COUNTIF($H13:$AL13,AT$5) -> 0 | AU13: =COUNTIF($H13:$AL13,AU$5) -> 0 | ... AW13: =COUNTIF($H13:$AL13,AW$5) -> 0
D14: 9 | E14: =Setting!E12 | F14: =IFERROR(VLOOKUP(E14,Setting!$E:$G,2,0),"") | G14: =IFERROR(VLOOKUP(E14,Setting!$E:$G,3,0),"") | AM14: =SUM(AN14:AW14) -> 0 | AN14: =COUNTIF($H14:$AL14,AN$5) -> 0 | AO14: =COUNTIF($H14:$AL14,AO$5) -> 0 | AP14: =COUNTIF($H14:$AL14,AP$5) -> 0 | AQ14: =COUNTIF($H14:$AL14,AQ$5) -> 0 | AR14: =COUNTIF($H14:$AL14,AR$5) -> 0 | AS14: =COUNTIF($H14:$AL14,AS$5) -> 0 | AT14: =COUNTIF($H14:$AL14,AT$5) -> 0 | AU14: =COUNTIF($H14:$AL14,AU$5) -> 0 | ... AW14: =COUNTIF($H14:$AL14,AW$5) -> 0
D15: 10 | E15: =Setting!E13 | F15: =IFERROR(VLOOKUP(E15,Setting!$E:$G,2,0),"") | G15: =IFERROR(VLOOKUP(E15,Setting!$E:$G,3,0),"") | AM15: =SUM(AN15:AW15) -> 0 | AN15: =COUNTIF($H15:$AL15,AN$5) -> 0 | AO15: =COUNTIF($H15:$AL15,AO$5) -> 0 | AP15: =COUNTIF($H15:$AL15,AP$5) -> 0 | AQ15: =COUNTIF($H15:$AL15,AQ$5) -> 0 | AR15: =COUNTIF($H15:$AL15,AR$5) -> 0 | AS15: =COUNTIF($H15:$AL15,AS$5) -> 0 | AT15: =COUNTIF($H15:$AL15,AT$5) -> 0 | AU15: =COUNTIF($H15:$AL15,AU$5) -> 0 | ... AW15: =COUNTIF($H15:$AL15,AW$5) -> 0
D16: 11 | E16: =Setting!E14 | F16: =IFERROR(VLOOKUP(E16,Setting!$E:$G,2,0),"") | G16: =IFERROR(VLOOKUP(E16,Setting!$E:$G,3,0),"") | AM16: =SUM(AN16:AW16) -> 0 | AN16: =COUNTIF($H16:$AL16,AN$5) -> 0 | AO16: =COUNTIF($H16:$AL16,AO$5) -> 0 | AP16: =COUNTIF($H16:$AL16,AP$5) -> 0 | AQ16: =COUNTIF($H16:$AL16,AQ$5) -> 0 | AR16: =COUNTIF($H16:$AL16,AR$5) -> 0 | AS16: =COUNTIF($H16:$AL16,AS$5) -> 0 | AT16: =COUNTIF($H16:$AL16,AT$5) -> 0 | AU16: =COUNTIF($H16:$AL16,AU$5) -> 0 | ... AW16: =COUNTIF($H16:$AL16,AW$5) -> 0
D17: 12 | E17: =Setting!E15 | F17: =IFERROR(VLOOKUP(E17,Setting!$E:$G,2,0),"") | G17: =IFERROR(VLOOKUP(E17,Setting!$E:$G,3,0),"") | AM17: =SUM(AN17:AW17) -> 0 | AN17: =COUNTIF($H17:$AL17,AN$5) -> 0 | AO17: =COUNTIF($H17:$AL17,AO$5) -> 0 | AP17: =COUNTIF($H17:$AL17,AP$5) -> 0 | AQ17: =COUNTIF($H17:$AL17,AQ$5) -> 0 | AR17: =COUNTIF($H17:$AL17,AR$5) -> 0 | AS17: =COUNTIF($H17:$AL17,AS$5) -> 0 | AT17: =COUNTIF($H17:$AL17,AT$5) -> 0 | AU17: =COUNTIF($H17:$AL17,AU$5) -> 0 | ... AW17: =COUNTIF($H17:$AL17,AW$5) -> 0
D18: 13 | E18: =Setting!E16 | F18: =IFERROR(VLOOKUP(E18,Setting!$E:$G,2,0),"") | G18: =IFERROR(VLOOKUP(E18,Setting!$E:$G,3,0),"") | AM18: =SUM(AN18:AW18) -> 0 | AN18: =COUNTIF($H18:$AL18,AN$5) -> 0 | AO18: =COUNTIF($H18:$AL18,AO$5) -> 0 | AP18: =COUNTIF($H18:$AL18,AP$5) -> 0 | AQ18: =COUNTIF($H18:$AL18,AQ$5) -> 0 | AR18: =COUNTIF($H18:$AL18,AR$5) -> 0 | AS18: =COUNTIF($H18:$AL18,AS$5) -> 0 | AT18: =COUNTIF($H18:$AL18,AT$5) -> 0 | AU18: =COUNTIF($H18:$AL18,AU$5) -> 0 | ... AW18: =COUNTIF($H18:$AL18,AW$5) -> 0
D19: 14 | E19: =Setting!E17 | F19: =IFERROR(VLOOKUP(E19,Setting!$E:$G,2,0),"") | G19: =IFERROR(VLOOKUP(E19,Setting!$E:$G,3,0),"") | AM19: =SUM(AN19:AW19) -> 0 | AN19: =COUNTIF($H19:$AL19,AN$5) -> 0 | AO19: =COUNTIF($H19:$AL19,AO$5) -> 0 | AP19: =COUNTIF($H19:$AL19,AP$5) -> 0 | AQ19: =COUNTIF($H19:$AL19,AQ$5) -> 0 | AR19: =COUNTIF($H19:$AL19,AR$5) -> 0 | AS19: =COUNTIF($H19:$AL19,AS$5) -> 0 | AT19: =COUNTIF($H19:$AL19,AT$5) -> 0 | AU19: =COUNTIF($H19:$AL19,AU$5) -> 0 | ... AW19: =COUNTIF($H19:$AL19,AW$5) -> 0
D20: 15 | E20: =Setting!E18 | F20: =IFERROR(VLOOKUP(E20,Setting!$E:$G,2,0),"") | G20: =IFERROR(VLOOKUP(E20,Setting!$E:$G,3,0),"") | AM20: =SUM(AN20:AW20) -> 0 | AN20: =COUNTIF($H20:$AL20,AN$5) -> 0 | AO20: =COUNTIF($H20:$AL20,AO$5) -> 0 | AP20: =COUNTIF($H20:$AL20,AP$5) -> 0 | AQ20: =COUNTIF($H20:$AL20,AQ$5) -> 0 | AR20: =COUNTIF($H20:$AL20,AR$5) -> 0 | AS20: =COUNTIF($H20:$AL20,AS$5) -> 0 | AT20: =COUNTIF($H20:$AL20,AT$5) -> 0 | AU20: =COUNTIF($H20:$AL20,AU$5) -> 0 | ... AW20: =COUNTIF($H20:$AL20,AW$5) -> 0
D21: 16 | E21: =Setting!E19 | F21: =IFERROR(VLOOKUP(E21,Setting!$E:$G,2,0),"") | G21: =IFERROR(VLOOKUP(E21,Setting!$E:$G,3,0),"") | AM21: =SUM(AN21:AW21) -> 0 | AN21: =COUNTIF($H21:$AL21,AN$5) -> 0 | AO21: =COUNTIF($H21:$AL21,AO$5) -> 0 | AP21: =COUNTIF($H21:$AL21,AP$5) -> 0 | AQ21: =COUNTIF($H21:$AL21,AQ$5) -> 0 | AR21: =COUNTIF($H21:$AL21,AR$5) -> 0 | AS21: =COUNTIF($H21:$AL21,AS$5) -> 0 | AT21: =COUNTIF($H21:$AL21,AT$5) -> 0 | AU21: =COUNTIF($H21:$AL21,AU$5) -> 0 | ... AW21: =COUNTIF($H21:$AL21,AW$5) -> 0
D22: 17 | E22: =Setting!E20 | F22: =IFERROR(VLOOKUP(E22,Setting!$E:$G,2,0),"") | G22: =IFERROR(VLOOKUP(E22,Setting!$E:$G,3,0),"") | AM22: =SUM(AN22:AW22) -> 0 | AN22: =COUNTIF($H22:$AL22,AN$5) -> 0 | AO22: =COUNTIF($H22:$AL22,AO$5) -> 0 | AP22: =COUNTIF($H22:$AL22,AP$5) -> 0 | AQ22: =COUNTIF($H22:$AL22,AQ$5) -> 0 | AR22: =COUNTIF($H22:$AL22,AR$5) -> 0 | AS22: =COUNTIF($H22:$AL22,AS$5) -> 0 | AT22: =COUNTIF($H22:$AL22,AT$5) -> 0 | AU22: =COUNTIF($H22:$AL22,AU$5) -> 0 | ... AW22: =COUNTIF($H22:$AL22,AW$5) -> 0
... D25: 20 | E25: =Setting!E23 | F25: =IFERROR(VLOOKUP(E25,Setting!$E:$G,2,0),"") | G25: =IFERROR(VLOOKUP(E25,Setting!$E:$G,3,0),"") | AM25: =SUM(AN25:AW25) -> 0 | AN25: =COUNTIF($H25:$AL25,AN$5) -> 0 | AO25: =COUNTIF($H25:$AL25,AO$5) -> 0 | AP25: =COUNTIF($H25:$AL25,AP$5) -> 0 | AQ25: =COUNTIF($H25:$AL25,AQ$5) -> 0 | AR25: =COUNTIF($H25:$AL25,AR$5) -> 0 | AS25: =COUNTIF($H25:$AL25,AS$5) -> 0 | AT25: =COUNTIF($H25:$AL25,AT$5) -> 0 | AU25: =COUNTIF($H25:$AL25,AU$5) -> 0 | ... AW25: =COUNTIF($H25:$AL25,AW$5) -> 0

Sheet May
I2: Monthly Leave Tracker
F3: May | G3: 2023 | H3: =IFERROR(VLOOKUP(H4,Holidays,2,0),"") | I3: =IFERROR(VLOOKUP(I4,Holidays,2,0),"") | J3: =IFERROR(VLOOKUP(J4,Holidays,2,0),"") | K3: =IFERROR(VLOOKUP(K4,Holidays,2,0),"") | L3: =IFERROR(VLOOKUP(L4,Holidays,2,0),"") | M3: =IFERROR(VLOOKUP(M4,Holidays,2,0),"") | N3: =IFERROR(VLOOKUP(N4,Holidays,2,0),"") | O3: =IFERROR(VLOOKUP(O4,Holidays,2,0),"") | ... AL3: =IFERROR(VLOOKUP(AL4,Holidays,2,0),"") | AM3: Summary
D4: SL. No. | E4: Emp. Code | F4: Employee Name | G4: Designation | H4: =DATEVALUE("1"&F3&G3) -> 45047 | I4: =IF(H$4<EOMONTH($H$4,0),H4+1,"EOM") -> 45048 | J4: =IF(I$4<EOMONTH($H$4,0),I4+1,"EOM") -> 45049 | K4: =IF(J$4<EOMONTH($H$4,0),J4+1,"EOM") -> 45050 | L4: =IF(K$4<EOMONTH($H$4,0),K4+1,"EOM") -> 45051 | M4: =IF(L$4<EOMONTH($H$4,0),L4+1,"EOM") -> 45052 | N4: =IF(M$4<EOMONTH($H$4,0),M4+1,"EOM") -> 45053 | O4: =IF(N$4<EOMONTH($H$4,0),N4+1,"EOM") -> 45054 | P4: =IF(O$4<EOMONTH($H$4,0),O4+1,"EOM") -> 45055 | ... AL4: =IF(AK$4<EOMONTH($H$4,0),AK4+1,"EOM") -> 45077 | AM4: Total Leaves | AN4: Casual Leave | AO4: Privilaged Leave | AP4: Sick Leave | AQ4: Maternity or Paternity | AR4: Half Day | AS4: Work from Home | AT4: Holidays | AU4: Week Offs | AV4: Total Absent / No Show | AW4: Leave Without Pay
H5: =TEXT(H4,"DDD") -> Mon | I5: =TEXT(I4,"DDD") -> Tue | J5: =TEXT(J4,"DDD") -> Wed | K5: =TEXT(K4,"DDD") -> Thu | L5: =TEXT(L4,"DDD") -> Fri | M5: =TEXT(M4,"DDD") -> Sat | N5: =TEXT(N4,"DDD") -> Sun | O5: =TEXT(O4,"DDD") -> Mon | ... AL5: =TEXT(AL4,"DDD") -> Wed | AN5: CL | AO5: PL | AP5: SL | AQ5: ML | AR5: HD | AS5: WH | AT5: H | AU5: WO | AV5: A | AW5: LWP
D6: 1 | E6: =Setting!E4 | F6: =IFERROR(VLOOKUP(E6,Setting!$E:$G,2,0),"") | G6: =IFERROR(VLOOKUP(E6,Setting!$E:$G,3,0),"") | AM6: =SUM(AN6:AW6) -> 0 | AN6: =COUNTIF($H6:$AL6,AN$5) -> 0 | AO6: =COUNTIF($H6:$AL6,AO$5) -> 0 | AP6: =COUNTIF($H6:$AL6,AP$5) -> 0 | AQ6: =COUNTIF($H6:$AL6,AQ$5) -> 0 | AR6: =COUNTIF($H6:$AL6,AR$5) -> 0 | AS6: =COUNTIF($H6:$AL6,AS$5) -> 0 | AT6: =COUNTIF($H6:$AL6,AT$5) -> 0 | AU6: =COUNTIF($H6:$AL6,AU$5) -> 0 | ... AW6: =COUNTIF($H6:$AL6,AW$5) -> 0
D7: 2 | E7: =Setting!E5 | F7: =IFERROR(VLOOKUP(E7,Setting!$E:$G,2,0),"") | G7: =IFERROR(VLOOKUP(E7,Setting!$E:$G,3,0),"") | AM7: =SUM(AN7:AW7) -> 0 | AN7: =COUNTIF($H7:$AL7,AN$5) -> 0 | AO7: =COUNTIF($H7:$AL7,AO$5) -> 0 | AP7: =COUNTIF($H7:$AL7,AP$5) -> 0 | AQ7: =COUNTIF($H7:$AL7,AQ$5) -> 0 | AR7: =COUNTIF($H7:$AL7,AR$5) -> 0 | AS7: =COUNTIF($H7:$AL7,AS$5) -> 0 | AT7: =COUNTIF($H7:$AL7,AT$5) -> 0 | AU7: =COUNTIF($H7:$AL7,AU$5) -> 0 | ... AW7: =COUNTIF($H7:$AL7,AW$5) -> 0
D8: 3 | E8: =Setting!E6 | F8: =IFERROR(VLOOKUP(E8,Setting!$E:$G,2,0),"") | G8: =IFERROR(VLOOKUP(E8,Setting!$E:$G,3,0),"") | AM8: =SUM(AN8:AW8) -> 0 | AN8: =COUNTIF($H8:$AL8,AN$5) -> 0 | AO8: =COUNTIF($H8:$AL8,AO$5) -> 0 | AP8: =COUNTIF($H8:$AL8,AP$5) -> 0 | AQ8: =COUNTIF($H8:$AL8,AQ$5) -> 0 | AR8: =COUNTIF($H8:$AL8,AR$5) -> 0 | AS8: =COUNTIF($H8:$AL8,AS$5) -> 0 | AT8: =COUNTIF($H8:$AL8,AT$5) -> 0 | AU8: =COUNTIF($H8:$AL8,AU$5) -> 0 | ... AW8: =COUNTIF($H8:$AL8,AW$5) -> 0
D9: 4 | E9: =Setting!E7 | F9: =IFERROR(VLOOKUP(E9,Setting!$E:$G,2,0),"") | G9: =IFERROR(VLOOKUP(E9,Setting!$E:$G,3,0),"") | AM9: =SUM(AN9:AW9) -> 0 | AN9: =COUNTIF($H9:$AL9,AN$5) -> 0 | AO9: =COUNTIF($H9:$AL9,AO$5) -> 0 | AP9: =COUNTIF($H9:$AL9,AP$5) -> 0 | AQ9: =COUNTIF($H9:$AL9,AQ$5) -> 0 | AR9: =COUNTIF($H9:$AL9,AR$5) -> 0 | AS9: =COUNTIF($H9:$AL9,AS$5) -> 0 | AT9: =COUNTIF($H9:$AL9,AT$5) -> 0 | AU9: =COUNTIF($H9:$AL9,AU$5) -> 0 | ... AW9: =COUNTIF($H9:$AL9,AW$5) -> 0
D10: 5 | E10: =Setting!E8 | F10: =IFERROR(VLOOKUP(E10,Setting!$E:$G,2,0),"") | G10: =IFERROR(VLOOKUP(E10,Setting!$E:$G,3,0),"") | AM10: =SUM(AN10:AW10) -> 0 | AN10: =COUNTIF($H10:$AL10,AN$5) -> 0 | AO10: =COUNTIF($H10:$AL10,AO$5) -> 0 | AP10: =COUNTIF($H10:$AL10,AP$5) -> 0 | AQ10: =COUNTIF($H10:$AL10,AQ$5) -> 0 | AR10: =COUNTIF($H10:$AL10,AR$5) -> 0 | AS10: =COUNTIF($H10:$AL10,AS$5) -> 0 | AT10: =COUNTIF($H10:$AL10,AT$5) -> 0 | AU10: =COUNTIF($H10:$AL10,AU$5) -> 0 | ... AW10: =COUNTIF($H10:$AL10,AW$5) -> 0
D11: 6 | E11: =Setting!E9 | F11: =IFERROR(VLOOKUP(E11,Setting!$E:$G,2,0),"") | G11: =IFERROR(VLOOKUP(E11,Setting!$E:$G,3,0),"") | AM11: =SUM(AN11:AW11) -> 0 | AN11: =COUNTIF($H11:$AL11,AN$5) -> 0 | AO11: =COUNTIF($H11:$AL11,AO$5) -> 0 | AP11: =COUNTIF($H11:$AL11,AP$5) -> 0 | AQ11: =COUNTIF($H11:$AL11,AQ$5) -> 0 | AR11: =COUNTIF($H11:$AL11,AR$5) -> 0 | AS11: =COUNTIF($H11:$AL11,AS$5) -> 0 | AT11: =COUNTIF($H11:$AL11,AT$5) -> 0 | AU11: =COUNTIF($H11:$AL11,AU$5) -> 0 | ... AW11: =COUNTIF($H11:$AL11,AW$5) -> 0
D12: 7 | E12: =Setting!E10 | F12: =IFERROR(VLOOKUP(E12,Setting!$E:$G,2,0),"") | G12: =IFERROR(VLOOKUP(E12,Setting!$E:$G,3,0),"") | AM12: =SUM(AN12:AW12) -> 0 | AN12: =COUNTIF($H12:$AL12,AN$5) -> 0 | AO12: =COUNTIF($H12:$AL12,AO$5) -> 0 | AP12: =COUNTIF($H12:$AL12,AP$5) -> 0 | AQ12: =COUNTIF($H12:$AL12,AQ$5) -> 0 | AR12: =COUNTIF($H12:$AL12,AR$5) -> 0 | AS12: =COUNTIF($H12:$AL12,AS$5) -> 0 | AT12: =COUNTIF($H12:$AL12,AT$5) -> 0 | AU12: =COUNTIF($H12:$AL12,AU$5) -> 0 | ... AW12: =COUNTIF($H12:$AL12,AW$5) -> 0
D13: 8 | E13: =Setting!E11 | F13: =IFERROR(VLOOKUP(E13,Setting!$E:$G,2,0),"") | G13: =IFERROR(VLOOKUP(E13,Setting!$E:$G,3,0),"") | AM13: =SUM(AN13:AW13) -> 0 | AN13: =COUNTIF($H13:$AL13,AN$5) -> 0 | AO13: =COUNTIF($H13:$AL13,AO$5) -> 0 | AP13: =COUNTIF($H13:$AL13,AP$5) -> 0 | AQ13: =COUNTIF($H13:$AL13,AQ$5) -> 0 | AR13: =COUNTIF($H13:$AL13,AR$5) -> 0 | AS13: =COUNTIF($H13:$AL13,AS$5) -> 0 | AT13: =COUNTIF($H13:$AL13,AT$5) -> 0 | AU13: =COUNTIF($H13:$AL13,AU$5) -> 0 | ... AW13: =COUNTIF($H13:$AL13,AW$5) -> 0
D14: 9 | E14: =Setting!E12 | F14: =IFERROR(VLOOKUP(E14,Setting!$E:$G,2,0),"") | G14: =IFERROR(VLOOKUP(E14,Setting!$E:$G,3,0),"") | AM14: =SUM(AN14:AW14) -> 0 | AN14: =COUNTIF($H14:$AL14,AN$5) -> 0 | AO14: =COUNTIF($H14:$AL14,AO$5) -> 0 | AP14: =COUNTIF($H14:$AL14,AP$5) -> 0 | AQ14: =COUNTIF($H14:$AL14,AQ$5) -> 0 | AR14: =COUNTIF($H14:$AL14,AR$5) -> 0 | AS14: =COUNTIF($H14:$AL14,AS$5) -> 0 | AT14: =COUNTIF($H14:$AL14,AT$5) -> 0 | AU14: =COUNTIF($H14:$AL14,AU$5) -> 0 | ... AW14: =COUNTIF($H14:$AL14,AW$5) -> 0
D15: 10 | E15: =Setting!E13 | F15: =IFERROR(VLOOKUP(E15,Setting!$E:$G,2,0),"") | G15: =IFERROR(VLOOKUP(E15,Setting!$E:$G,3,0),"") | AM15: =SUM(AN15:AW15) -> 0 | AN15: =COUNTIF($H15:$AL15,AN$5) -> 0 | AO15: =COUNTIF($H15:$AL15,AO$5) -> 0 | AP15: =COUNTIF($H15:$AL15,AP$5) -> 0 | AQ15: =COUNTIF($H15:$AL15,AQ$5) -> 0 | AR15: =COUNTIF($H15:$AL15,AR$5) -> 0 | AS15: =COUNTIF($H15:$AL15,AS$5) -> 0 | AT15: =COUNTIF($H15:$AL15,AT$5) -> 0 | AU15: =COUNTIF($H15:$AL15,AU$5) -> 0 | ... AW15: =COUNTIF($H15:$AL15,AW$5) -> 0
D16: 11 | E16: =Setting!E14 | F16: =IFERROR(VLOOKUP(E16,Setting!$E:$G,2,0),"") | G16: =IFERROR(VLOOKUP(E16,Setting!$E:$G,3,0),"") | AM16: =SUM(AN16:AW16) -> 0 | AN16: =COUNTIF($H16:$AL16,AN$5) -> 0 | AO16: =COUNTIF($H16:$AL16,AO$5) -> 0 | AP16: =COUNTIF($H16:$AL16,AP$5) -> 0 | AQ16: =COUNTIF($H16:$AL16,AQ$5) -> 0 | AR16: =COUNTIF($H16:$AL16,AR$5) -> 0 | AS16: =COUNTIF($H16:$AL16,AS$5) -> 0 | AT16: =COUNTIF($H16:$AL16,AT$5) -> 0 | AU16: =COUNTIF($H16:$AL16,AU$5) -> 0 | ... AW16: =COUNTIF($H16:$AL16,AW$5) -> 0
D17: 12 | E17: =Setting!E15 | F17: =IFERROR(VLOOKUP(E17,Setting!$E:$G,2,0),"") | G17: =IFERROR(VLOOKUP(E17,Setting!$E:$G,3,0),"") | AM17: =SUM(AN17:AW17) -> 0 | AN17: =COUNTIF($H17:$AL17,AN$5) -> 0 | AO17: =COUNTIF($H17:$AL17,AO$5) -> 0 | AP17: =COUNTIF($H17:$AL17,AP$5) -> 0 | AQ17: =COUNTIF($H17:$AL17,AQ$5) -> 0 | AR17: =COUNTIF($H17:$AL17,AR$5) -> 0 | AS17: =COUNTIF($H17:$AL17,AS$5) -> 0 | AT17: =COUNTIF($H17:$AL17,AT$5) -> 0 | AU17: =COUNTIF($H17:$AL17,AU$5) -> 0 | ... AW17: =COUNTIF($H17:$AL17,AW$5) -> 0
... D25: 20 | E25: =Setting!E23 | F25: =IFERROR(VLOOKUP(E25,Setting!$E:$G,2,0),"") | G25: =IFERROR(VLOOKUP(E25,Setting!$E:$G,3,0),"") | AM25: =SUM(AN25:AW25) -> 0 | AN25: =COUNTIF($H25:$AL25,AN$5) -> 0 | AO25: =COUNTIF($H25:$AL25,AO$5) -> 0 | AP25: =COUNTIF($H25:$AL25,AP$5) -> 0 | AQ25: =COUNTIF($H25:$AL25,AQ$5) -> 0 | AR25: =COUNTIF($H25:$AL25,AR$5) -> 0 | AS25: =COUNTIF($H25:$AL25,AS$5) -> 0 | AT25: =COUNTIF($H25:$AL25,AT$5) -> 0 | AU25: =COUNTIF($H25:$AL25,AU$5) -> 0 | ... AW25: =COUNTIF($H25:$AL25,AW$5) -> 0

Sheet June
I2: Monthly Leave Tracker
F3: June | G3: 2023 | H3: =IFERROR(VLOOKUP(H4,Holidays,2,0),"") | I3: =IFERROR(VLOOKUP(I4,Holidays,2,0),"") | J3: =IFERROR(VLOOKUP(J4,Holidays,2,0),"") | K3: =IFERROR(VLOOKUP(K4,Holidays,2,0),"") | L3: =IFERROR(VLOOKUP(L4,Holidays,2,0),"") | M3: =IFERROR(VLOOKUP(M4,Holidays,2,0),"") | N3: =IFERROR(VLOOKUP(N4,Holidays,2,0),"") | O3: =IFERROR(VLOOKUP(O4,Holidays,2,0),"") | ... AL3: =IFERROR(VLOOKUP(AL4,Holidays,2,0),"") | AM3: Summary
D4: SL. No. | E4: Emp. Code | F4: Employee Name | G4: Designation | H4: =DATEVALUE("1"&F3&G3) -> 45078 | I4: =IF(H$4<EOMONTH($H$4,0),H4+1,"EOM") -> 45079 | J4: =IF(I$4<EOMONTH($H$4,0),I4+1,"EOM") -> 45080 | K4: =IF(J$4<EOMONTH($H$4,0),J4+1,"EOM") -> 45081 | L4: =IF(K$4<EOMONTH($H$4,0),K4+1,"EOM") -> 45082 | M4: =IF(L$4<EOMONTH($H$4,0),L4+1,"EOM") -> 45083 | N4: =IF(M$4<EOMONTH($H$4,0),M4+1,"EOM") -> 45084 | O4: =IF(N$4<EOMONTH($H$4,0),N4+1,"EOM") -> 45085 | P4: =IF(O$4<EOMONTH($H$4,0),O4+1,"EOM") -> 45086 | ... AL4: =IF(AK$4<EOMONTH($H$4,0),AK4+1,"EOM") -> EOM | AM4: Total Leaves | AN4: Casual Leave | AO4: Privilaged Leave | AP4: Sick Leave | AQ4: Maternity or Paternity | AR4: Half Day | AS4: Work from Home | AT4: Holidays | AU4: Week Offs | AV4: Total Absent / No Show | AW4: Leave Without Pay
H5: =TEXT(H4,"DDD") -> Thu | I5: =TEXT(I4,"DDD") -> Fri | J5: =TEXT(J4,"DDD") -> Sat | K5: =TEXT(K4,"DDD") -> Sun | L5: =TEXT(L4,"DDD") -> Mon | M5: =TEXT(M4,"DDD") -> Tue | N5: =TEXT(N4,"DDD") -> Wed | O5: =TEXT(O4,"DDD") -> Thu | ... AL5: =TEXT(AL4,"DDD") -> EOM | AN5: CL | AO5: PL | AP5: SL | AQ5: ML | AR5: HD | AS5: WH | AT5: H | AU5: WO | AV5: A | AW5: LWP
D6: 1 | E6: =Setting!E4 | F6: =IFERROR(VLOOKUP(E6,Setting!$E:$G,2,0),"") | G6: =IFERROR(VLOOKUP(E6,Setting!$E:$G,3,0),"") | AM6: =SUM(AN6:AW6) -> 0 | AN6: =COUNTIF($H6:$AL6,AN$5) -> 0 | AO6: =COUNTIF($H6:$AL6,AO$5) -> 0 | AP6: =COUNTIF($H6:$AL6,AP$5) -> 0 | AQ6: =COUNTIF($H6:$AL6,AQ$5) -> 0 | AR6: =COUNTIF($H6:$AL6,AR$5) -> 0 | AS6: =COUNTIF($H6:$AL6,AS$5) -> 0 | AT6: =COUNTIF($H6:$AL6,AT$5) -> 0 | AU6: =COUNTIF($H6:$AL6,AU$5) -> 0 | ... AW6: =COUNTIF($H6:$AL6,AW$5) -> 0
D7: 2 | E7: =Setting!E5 | F7: =IFERROR(VLOOKUP(E7,Setting!$E:$G,2,0),"") | G7: =IFERROR(VLOOKUP(E7,Setting!$E:$G,3,0),"") | AM7: =SUM(AN7:AW7) -> 0 | AN7: =COUNTIF($H7:$AL7,AN$5) -> 0 | AO7: =COUNTIF($H7:$AL7,AO$5) -> 0 | AP7: =COUNTIF($H7:$AL7,AP$5) -> 0 | AQ7: =COUNTIF($H7:$AL7,AQ$5) -> 0 | AR7: =COUNTIF($H7:$AL7,AR$5) -> 0 | AS7: =COUNTIF($H7:$AL7,AS$5) -> 0 | AT7: =COUNTIF($H7:$AL7,AT$5) -> 0 | AU7: =COUNTIF($H7:$AL7,AU$5) -> 0 | ... AW7: =COUNTIF($H7:$AL7,AW$5) -> 0
D8: 3 | E8: =Setting!E6 | F8: =IFERROR(VLOOKUP(E8,Setting!$E:$G,2,0),"") | G8: =IFERROR(VLOOKUP(E8,Setting!$E:$G,3,0),"") | AM8: =SUM(AN8:AW8) -> 0 | AN8: =COUNTIF($H8:$AL8,AN$5) -> 0 | AO8: =COUNTIF($H8:$AL8,AO$5) -> 0 | AP8: =COUNTIF($H8:$AL8,AP$5) -> 0 | AQ8: =COUNTIF($H8:$AL8,AQ$5) -> 0 | AR8: =COUNTIF($H8:$AL8,AR$5) -> 0 | AS8: =COUNTIF($H8:$AL8,AS$5) -> 0 | AT8: =COUNTIF($H8:$AL8,AT$5) -> 0 | AU8: =COUNTIF($H8:$AL8,AU$5) -> 0 | ... AW8: =COUNTIF($H8:$AL8,AW$5) -> 0
D9: 4 | E9: =Setting!E7 | F9: =IFERROR(VLOOKUP(E9,Setting!$E:$G,2,0),"") | G9: =IFERROR(VLOOKUP(E9,Setting!$E:$G,3,0),"") | AM9: =SUM(AN9:AW9) -> 0 | AN9: =COUNTIF($H9:$AL9,AN$5) -> 0 | AO9: =COUNTIF($H9:$AL9,AO$5) -> 0 | AP9: =COUNTIF($H9:$AL9,AP$5) -> 0 | AQ9: =COUNTIF($H9:$AL9,AQ$5) -> 0 | AR9: =COUNTIF($H9:$AL9,AR$5) -> 0 | AS9: =COUNTIF($H9:$AL9,AS$5) -> 0 | AT9: =COUNTIF($H9:$AL9,AT$5) -> 0 | AU9: =COUNTIF($H9:$AL9,AU$5) -> 0 | ... AW9: =COUNTIF($H9:$AL9,AW$5) -> 0
D10: 5 | E10: =Setting!E8 | F10: =IFERROR(VLOOKUP(E10,Setting!$E:$G,2,0),"") | G10: =IFERROR(VLOOKUP(E10,Setting!$E:$G,3,0),"") | AM10: =SUM(AN10:AW10) -> 0 | AN10: =COUNTIF($H10:$AL10,AN$5) -> 0 | AO10: =COUNTIF($H10:$AL10,AO$5) -> 0 | AP10: =COUNTIF($H10:$AL10,AP$5) -> 0 | AQ10: =COUNTIF($H10:$AL10,AQ$5) -> 0 | AR10: =COUNTIF($H10:$AL10,AR$5) -> 0 | AS10: =COUNTIF($H10:$AL10,AS$5) -> 0 | AT10: =COUNTIF($H10:$AL10,AT$5) -> 0 | AU10: =COUNTIF($H10:$AL10,AU$5) -> 0 | ... AW10: =COUNTIF($H10:$AL10,AW$5) -> 0
D11: 6 | E11: =Setting!E9 | F11: =IFERROR(VLOOKUP(E11,Setting!$E:$G,2,0),"") | G11: =IFERROR(VLOOKUP(E11,Setting!$E:$G,3,0),"") | AM11: =SUM(AN11:AW11) -> 0 | AN11: =COUNTIF($H11:$AL11,AN$5) -> 0 | AO11: =COUNTIF($H11:$AL11,AO$5) -> 0 | AP11: =COUNTIF($H11:$AL11,AP$5) -> 0 | AQ11: =COUNTIF($H11:$AL11,AQ$5) -> 0 | AR11: =COUNTIF($H11:$AL11,AR$5) -> 0 | AS11: =COUNTIF($H11:$AL11,AS$5) -> 0 | AT11: =COUNTIF($H11:$AL11,AT$5) -> 0 | AU11: =COUNTIF($H11:$AL11,AU$5) -> 0 | ... AW11: =COUNTIF($H11:$AL11,AW$5) -> 0
D12: 7 | E12: =Setting!E10 | F12: =IFERROR(VLOOKUP(E12,Setting!$E:$G,2,0),"") | G12: =IFERROR(VLOOKUP(E12,Setting!$E:$G,3,0),"") | AM12: =SUM(AN12:AW12) -> 0 | AN12: =COUNTIF($H12:$AL12,AN$5) -> 0 | AO12: =COUNTIF($H12:$AL12,AO$5) -> 0 | AP12: =COUNTIF($H12:$AL12,AP$5) -> 0 | AQ12: =COUNTIF($H12:$AL12,AQ$5) -> 0 | AR12: =COUNTIF($H12:$AL12,AR$5) -> 0 | AS12: =COUNTIF($H12:$AL12,AS$5) -> 0 | AT12: =COUNTIF($H12:$AL12,AT$5) -> 0 | AU12: =COUNTIF($H12:$AL12,AU$5) -> 0 | ... AW12: =COUNTIF($H12:$AL12,AW$5) -> 0
D13: 8 | E13: =Setting!E11 | F13: =IFERROR(VLOOKUP(E13,Setting!$E:$G,2,0),"") | G13: =IFERROR(VLOOKUP(E13,Setting!$E:$G,3,0),"") | AM13: =SUM(AN13:AW13) -> 0 | AN13: =COUNTIF($H13:$AL13,AN$5) -> 0 | AO13: =COUNTIF($H13:$AL13,AO$5) -> 0 | AP13: =COUNTIF($H13:$AL13,AP$5) -> 0 | AQ13: =COUNTIF($H13:$AL13,AQ$5) -> 0 | AR13: =COUNTIF($H13:$AL13,AR$5) -> 0 | AS13: =COUNTIF($H13:$AL13,AS$5) -> 0 | AT13: =COUNTIF($H13:$AL13,AT$5) -> 0 | AU13: =COUNTIF($H13:$AL13,AU$5) -> 0 | ... AW13: =COUNTIF($H13:$AL13,AW$5) -> 0
D14: 9 | E14: =Setting!E12 | F14: =IFERROR(VLOOKUP(E14,Setting!$E:$G,2,0),"") | G14: =IFERROR(VLOOKUP(E14,Setting!$E:$G,3,0),"") | AM14: =SUM(AN14:AW14) -> 0 | AN14: =COUNTIF($H14:$AL14,AN$5) -> 0 | AO14: =COUNTIF($H14:$AL14,AO$5) -> 0 | AP14: =COUNTIF($H14:$AL14,AP$5) -> 0 | AQ14: =COUNTIF($H14:$AL14,AQ$5) -> 0 | AR14: =COUNTIF($H14:$AL14,AR$5) -> 0 | AS14: =COUNTIF($H14:$AL14,AS$5) -> 0 | AT14: =COUNTIF($H14:$AL14,AT$5) -> 0 | AU14: =COUNTIF($H14:$AL14,AU$5) -> 0 | ... AW14: =COUNTIF($H14:$AL14,AW$5) -> 0
D15: 10 | E15: =Setting!E13 | F15: =IFERROR(VLOOKUP(E15,Setting!$E:$G,2,0),"") | G15: =IFERROR(VLOOKUP(E15,Setting!$E:$G,3,0),"") | AM15: =SUM(AN15:AW15) -> 0 | AN15: =COUNTIF($H15:$AL15,AN$5) -> 0 | AO15: =COUNTIF($H15:$AL15,AO$5) -> 0 | AP15: =COUNTIF($H15:$AL15,AP$5) -> 0 | AQ15: =COUNTIF($H15:$AL15,AQ$5) -> 0 | AR15: =COUNTIF($H15:$AL15,AR$5) -> 0 | AS15: =COUNTIF($H15:$AL15,AS$5) -> 0 | AT15: =COUNTIF($H15:$AL15,AT$5) -> 0 | AU15: =COUNTIF($H15:$AL15,AU$5) -> 0 | ... AW15: =COUNTIF($H15:$AL15,AW$5) -> 0
D16: 11 | E16: =Setting!E14 | F16: =IFERROR(VLOOKUP(E16,Setting!$E:$G,2,0),"") | G16: =IFERROR(VLOOKUP(E16,Setting!$E:$G,3,0),"") | AM16: =SUM(AN16:AW16) -> 0 | AN16: =COUNTIF($H16:$AL16,AN$5) -> 0 | AO16: =COUNTIF($H16:$AL16,AO$5) -> 0 | AP16: =COUNTIF($H16:$AL16,AP$5) -> 0 | AQ16: =COUNTIF($H16:$AL16,AQ$5) -> 0 | AR16: =COUNTIF($H16:$AL16,AR$5) -> 0 | AS16: =COUNTIF($H16:$AL16,AS$5) -> 0 | AT16: =COUNTIF($H16:$AL16,AT$5) -> 0 | AU16: =COUNTIF($H16:$AL16,AU$5) -> 0 | ... AW16: =COUNTIF($H16:$AL16,AW$5) -> 0
D17: 12 | E17: =Setting!E15 | F17: =IFERROR(VLOOKUP(E17,Setting!$E:$G,2,0),"") | G17: =IFERROR(VLOOKUP(E17,Setting!$E:$G,3,0),"") | AM17: =SUM(AN17:AW17) -> 0 | AN17: =COUNTIF($H17:$AL17,AN$5) -> 0 | AO17: =COUNTIF($H17:$AL17,AO$5) -> 0 | AP17: =COUNTIF($H17:$AL17,AP$5) -> 0 | AQ17: =COUNTIF($H17:$AL17,AQ$5) -> 0 | AR17: =COUNTIF($H17:$AL17,AR$5) -> 0 | AS17: =COUNTIF($H17:$AL17,AS$5) -> 0 | AT17: =COUNTIF($H17:$AL17,AT$5) -> 0 | AU17: =COUNTIF($H17:$AL17,AU$5) -> 0 | ... AW17: =COUNTIF($H17:$AL17,AW$5) -> 0
... D25: 20 | E25: =Setting!E23 | F25: =IFERROR(VLOOKUP(E25,Setting!$E:$G,2,0),"") | G25: =IFERROR(VLOOKUP(E25,Setting!$E:$G,3,0),"") | AM25: =SUM(AN25:AW25) -> 0 | AN25: =COUNTIF($H25:$AL25,AN$5) -> 0 | AO25: =COUNTIF($H25:$AL25,AO$5) -> 0 | AP25: =COUNTIF($H25:$AL25,AP$5) -> 0 | AQ25: =COUNTIF($H25:$AL25,AQ$5) -> 0 | AR25: =COUNTIF($H25:$AL25,AR$5) -> 0 | AS25: =COUNTIF($H25:$AL25,AS$5) -> 0 | AT25: =COUNTIF($H25:$AL25,AT$5) -> 0 | AU25: =COUNTIF($H25:$AL25,AU$5) -> 0 | ... AW25: =COUNTIF($H25:$AL25,AW$5) -> 0

Sheet July
I2: Monthly Leave Tracker
F3: July | G3: 2023 | H3: =IFERROR(VLOOKUP(H4,Holidays,2,0),"") | I3: =IFERROR(VLOOKUP(I4,Holidays,2,0),"") | J3: =IFERROR(VLOOKUP(J4,Holidays,2,0),"") | K3: =IFERROR(VLOOKUP(K4,Holidays,2,0),"") | L3: =IFERROR(VLOOKUP(L4,Holidays,2,0),"") | M3: =IFERROR(VLOOKUP(M4,Holidays,2,0),"") | N3: =IFERROR(VLOOKUP(N4,Holidays,2,0),"") | O3: =IFERROR(VLOOKUP(O4,Holidays,2,0),"") | ... AL3: =IFERROR(VLOOKUP(AL4,Holidays,2,0),"") | AM3: Summary
D4: SL. No. | E4: Emp. Code | F4: Employee Name | G4: Designation | H4: =DATEVALUE("1"&F3&G3) -> 45108 | I4: =IF(H$4<EOMONTH($H$4,0),H4+1,"EOM") -> 45109 | J4: =IF(I$4<EOMONTH($H$4,0),I4+1,"EOM") -> 45110 | K4: =IF(J$4<EOMONTH($H$4,0),J4+1,"EOM") -> 45111 | L4: =IF(K$4<EOMONTH($H$4,0),K4+1,"EOM") -> 45112 | M4: =IF(L$4<EOMONTH($H$4,0),L4+1,"EOM") -> 45113 | N4: =IF(M$4<EOMONTH($H$4,0),M4+1,"EOM") -> 45114 | O4: =IF(N$4<EOMONTH($H$4,0),N4+1,"EOM") -> 45115 | P4: =IF(O$4<EOMONTH($H$4,0),O4+1,"EOM") -> 45116 | ... AL4: =IF(AK$4<EOMONTH($H$4,0),AK4+1,"EOM") -> 45138 | AM4: Total Leaves | AN4: Casual Leave | AO4: Privilaged Leave | AP4: Sick Leave | AQ4: Maternity or Paternity | AR4: Half Day | AS4: Work from Home | AT4: Holidays | AU4: Week Offs | AV4: Total Absent / No Show | AW4: Leave Without Pay
H5: =TEXT(H4,"DDD") -> Sat | I5: =TEXT(I4,"DDD") -> Sun | J5: =TEXT(J4,"DDD") -> Mon | K5: =TEXT(K4,"DDD") -> Tue | L5: =TEXT(L4,"DDD") -> Wed | M5: =TEXT(M4,"DDD") -> Thu | N5: =TEXT(N4,"DDD") -> Fri | O5: =TEXT(O4,"DDD") -> Sat | ... AL5: =TEXT(AL4,"DDD") -> Mon | AN5: CL | AO5: PL | AP5: SL | AQ5: ML | AR5: HD | AS5: WH | AT5: H | AU5: WO | AV5: A | AW5: LWP
D6: 1 | E6: =Setting!E4 | F6: Suman | G6: =IFERROR(VLOOKUP(E6,Setting!$E:$G,3,0),"") | L6: A | S6: CL | Z6: A | AM6: =SUM(AN6:AW6) -> 3 | AN6: =COUNTIF($H6:$AL6,AN$5) -> 1 | AO6: =COUNTIF($H6:$AL6,AO$5) -> 0 | AP6: =COUNTIF($H6:$AL6,AP$5) -> 0 | AQ6: =COUNTIF($H6:$AL6,AQ$5) -> 0 | AR6: =COUNTIF($H6:$AL6,AR$5) -> 0 | AS6: =COUNTIF($H6:$AL6,AS$5) -> 0 | AT6: =COUNTIF($H6:$AL6,AT$5) -> 0 | AU6: =COUNTIF($H6:$AL6,AU$5) -> 0 | ... AW6: =COUNTIF($H6:$AL6,AW$5) -> 0
D7: 2 | E7: =Setting!E5 | F7: =IFERROR(VLOOKUP(E7,Setting!$E:$G,2,0),"") | G7: =IFERROR(VLOOKUP(E7,Setting!$E:$G,3,0),"") | AM7: =SUM(AN7:AW7) -> 0 | AN7: =COUNTIF($H7:$AL7,AN$5) -> 0 | AO7: =COUNTIF($H7:$AL7,AO$5) -> 0 | AP7: =COUNTIF($H7:$AL7,AP$5) -> 0 | AQ7: =COUNTIF($H7:$AL7,AQ$5) -> 0 | AR7: =COUNTIF($H7:$AL7,AR$5) -> 0 | AS7: =COUNTIF($H7:$AL7,AS$5) -> 0 | AT7: =COUNTIF($H7:$AL7,AT$5) -> 0 | AU7: =COUNTIF($H7:$AL7,AU$5) -> 0 | ... AW7: =COUNTIF($H7:$AL7,AW$5) -> 0
D8: 3 | E8: =Setting!E6 | F8: =IFERROR(VLOOKUP(E8,Setting!$E:$G,2,0),"") | G8: =IFERROR(VLOOKUP(E8,Setting!$E:$G,3,0),"") | AM8: =SUM(AN8:AW8) -> 0 | AN8: =COUNTIF($H8:$AL8,AN$5) -> 0 | AO8: =COUNTIF($H8:$AL8,AO$5) -> 0 | AP8: =COUNTIF($H8:$AL8,AP$5) -> 0 | AQ8: =COUNTIF($H8:$AL8,AQ$5) -> 0 | AR8: =COUNTIF($H8:$AL8,AR$5) -> 0 | AS8: =COUNTIF($H8:$AL8,AS$5) -> 0 | AT8: =COUNTIF($H8:$AL8,AT$5) -> 0 | AU8: =COUNTIF($H8:$AL8,AU$5) -> 0 | ... AW8: =COUNTIF($H8:$AL8,AW$5) -> 0
D9: 4 | E9: =Setting!E7 | F9: =IFERROR(VLOOKUP(E9,Setting!$E:$G,2,0),"") | G9: =IFERROR(VLOOKUP(E9,Setting!$E:$G,3,0),"") | AM9: =SUM(AN9:AW9) -> 0 | AN9: =COUNTIF($H9:$AL9,AN$5) -> 0 | AO9: =COUNTIF($H9:$AL9,AO$5) -> 0 | AP9: =COUNTIF($H9:$AL9,AP$5) -> 0 | AQ9: =COUNTIF($H9:$AL9,AQ$5) -> 0 | AR9: =COUNTIF($H9:$AL9,AR$5) -> 0 | AS9: =COUNTIF($H9:$AL9,AS$5) -> 0 | AT9: =COUNTIF($H9:$AL9,AT$5) -> 0 | AU9: =COUNTIF($H9:$AL9,AU$5) -> 0 | ... AW9: =COUNTIF($H9:$AL9,AW$5) -> 0
D10: 5 | E10: =Setting!E8 | F10: =IFERROR(VLOOKUP(E10,Setting!$E:$G,2,0),"") | G10: =IFERROR(VLOOKUP(E10,Setting!$E:$G,3,0),"") | AM10: =SUM(AN10:AW10) -> 0 | AN10: =COUNTIF($H10:$AL10,AN$5) -> 0 | AO10: =COUNTIF($H10:$AL10,AO$5) -> 0 | AP10: =COUNTIF($H10:$AL10,AP$5) -> 0 | AQ10: =COUNTIF($H10:$AL10,AQ$5) -> 0 | AR10: =COUNTIF($H10:$AL10,AR$5) -> 0 | AS10: =COUNTIF($H10:$AL10,AS$5) -> 0 | AT10: =COUNTIF($H10:$AL10,AT$5) -> 0 | AU10: =COUNTIF($H10:$AL10,AU$5) -> 0 | ... AW10: =COUNTIF($H10:$AL10,AW$5) -> 0
D11: 6 | E11: =Setting!E9 | F11: =IFERROR(VLOOKUP(E11,Setting!$E:$G,2,0),"") | G11: =IFERROR(VLOOKUP(E11,Setting!$E:$G,3,0),"") | AM11: =SUM(AN11:AW11) -> 0 | AN11: =COUNTIF($H11:$AL11,AN$5) -> 0 | AO11: =COUNTIF($H11:$AL11,AO$5) -> 0 | AP11: =COUNTIF($H11:$AL11,AP$5) -> 0 | AQ11: =COUNTIF($H11:$AL11,AQ$5) -> 0 | AR11: =COUNTIF($H11:$AL11,AR$5) -> 0 | AS11: =COUNTIF($H11:$AL11,AS$5) -> 0 | AT11: =COUNTIF($H11:$AL11,AT$5) -> 0 | AU11: =COUNTIF($H11:$AL11,AU$5) -> 0 | ... AW11: =COUNTIF($H11:$AL11,AW$5) -> 0
D12: 7 | E12: =Setting!E10 | F12: =IFERROR(VLOOKUP(E12,Setting!$E:$G,2,0),"") | G12: =IFERROR(VLOOKUP(E12,Setting!$E:$G,3,0),"") | AM12: =SUM(AN12:AW12) -> 0 | AN12: =COUNTIF($H12:$AL12,AN$5) -> 0 | AO12: =COUNTIF($H12:$AL12,AO$5) -> 0 | AP12: =COUNTIF($H12:$AL12,AP$5) -> 0 | AQ12: =COUNTIF($H12:$AL12,AQ$5) -> 0 | AR12: =COUNTIF($H12:$AL12,AR$5) -> 0 | AS12: =COUNTIF($H12:$AL12,AS$5) -> 0 | AT12: =COUNTIF($H12:$AL12,AT$5) -> 0 | AU12: =COUNTIF($H12:$AL12,AU$5) -> 0 | ... AW12: =COUNTIF($H12:$AL12,AW$5) -> 0
D13: 8 | E13: =Setting!E11 | F13: =IFERROR(VLOOKUP(E13,Setting!$E:$G,2,0),"") | G13: =IFERROR(VLOOKUP(E13,Setting!$E:$G,3,0),"") | AM13: =SUM(AN13:AW13) -> 0 | AN13: =COUNTIF($H13:$AL13,AN$5) -> 0 | AO13: =COUNTIF($H13:$AL13,AO$5) -> 0 | AP13: =COUNTIF($H13:$AL13,AP$5) -> 0 | AQ13: =COUNTIF($H13:$AL13,AQ$5) -> 0 | AR13: =COUNTIF($H13:$AL13,AR$5) -> 0 | AS13: =COUNTIF($H13:$AL13,AS$5) -> 0 | AT13: =COUNTIF($H13:$AL13,AT$5) -> 0 | AU13: =COUNTIF($H13:$AL13,AU$5) -> 0 | ... AW13: =COUNTIF($H13:$AL13,AW$5) -> 0
D14: 9 | E14: =Setting!E12 | F14: =IFERROR(VLOOKUP(E14,Setting!$E:$G,2,0),"") | G14: =IFERROR(VLOOKUP(E14,Setting!$E:$G,3,0),"") | AM14: =SUM(AN14:AW14) -> 0 | AN14: =COUNTIF($H14:$AL14,AN$5) -> 0 | AO14: =COUNTIF($H14:$AL14,AO$5) -> 0 | AP14: =COUNTIF($H14:$AL14,AP$5) -> 0 | AQ14: =COUNTIF($H14:$AL14,AQ$5) -> 0 | AR14: =COUNTIF($H14:$AL14,AR$5) -> 0 | AS14: =COUNTIF($H14:$AL14,AS$5) -> 0 | AT14: =COUNTIF($H14:$AL14,AT$5) -> 0 | AU14: =COUNTIF($H14:$AL14,AU$5) -> 0 | ... AW14: =COUNTIF($H14:$AL14,AW$5) -> 0
D15: 10 | E15: =Setting!E13 | F15: =IFERROR(VLOOKUP(E15,Setting!$E:$G,2,0),"") | G15: =IFERROR(VLOOKUP(E15,Setting!$E:$G,3,0),"") | AM15: =SUM(AN15:AW15) -> 0 | AN15: =COUNTIF($H15:$AL15,AN$5) -> 0 | AO15: =COUNTIF($H15:$AL15,AO$5) -> 0 | AP15: =COUNTIF($H15:$AL15,AP$5) -> 0 | AQ15: =COUNTIF($H15:$AL15,AQ$5) -> 0 | AR15: =COUNTIF($H15:$AL15,AR$5) -> 0 | AS15: =COUNTIF($H15:$AL15,AS$5) -> 0 | AT15: =COUNTIF($H15:$AL15,AT$5) -> 0 | AU15: =COUNTIF($H15:$AL15,AU$5) -> 0 | ... AW15: =COUNTIF($H15:$AL15,AW$5) -> 0
D16: 11 | E16: =Setting!E14 | F16: =IFERROR(VLOOKUP(E16,Setting!$E:$G,2,0),"") | G16: =IFERROR(VLOOKUP(E16,Setting!$E:$G,3,0),"") | AM16: =SUM(AN16:AW16) -> 0 | AN16: =COUNTIF($H16:$AL16,AN$5) -> 0 | AO16: =COUNTIF($H16:$AL16,AO$5) -> 0 | AP16: =COUNTIF($H16:$AL16,AP$5) -> 0 | AQ16: =COUNTIF($H16:$AL16,AQ$5) -> 0 | AR16: =COUNTIF($H16:$AL16,AR$5) -> 0 | AS16: =COUNTIF($H16:$AL16,AS$5) -> 0 | AT16: =COUNTIF($H16:$AL16,AT$5) -> 0 | AU16: =COUNTIF($H16:$AL16,AU$5) -> 0 | ... AW16: =COUNTIF($H16:$AL16,AW$5) -> 0
D17: 12 | E17: =Setting!E15 | F17: =IFERROR(VLOOKUP(E17,Setting!$E:$G,2,0),"") | G17: =IFERROR(VLOOKUP(E17,Setting!$E:$G,3,0),"") | AM17: =SUM(AN17:AW17) -> 0 | AN17: =COUNTIF($H17:$AL17,AN$5) -> 0 | AO17: =COUNTIF($H17:$AL17,AO$5) -> 0 | AP17: =COUNTIF($H17:$AL17,AP$5) -> 0 | AQ17: =COUNTIF($H17:$AL17,AQ$5) -> 0 | AR17: =COUNTIF($H17:$AL17,AR$5) -> 0 | AS17: =COUNTIF($H17:$AL17,AS$5) -> 0 | AT17: =COUNTIF($H17:$AL17,AT$5) -> 0 | AU17: =COUNTIF($H17:$AL17,AU$5) -> 0 | ... AW17: =COUNTIF($H17:$AL17,AW$5) -> 0
D18: 13 | E18: =Setting!E16 | F18: =IFERROR(VLOOKUP(E18,Setting!$E:$G,2,0),"") | G18: =IFERROR(VLOOKUP(E18,Setting!$E:$G,3,0),"") | AM18: =SUM(AN18:AW18) -> 0 | AN18: =COUNTIF($H18:$AL18,AN$5) -> 0 | AO18: =COUNTIF($H18:$AL18,AO$5) -> 0 | AP18: =COUNTIF($H18:$AL18,AP$5) -> 0 | AQ18: =COUNTIF($H18:$AL18,AQ$5) -> 0 | AR18: =COUNTIF($H18:$AL18,AR$5) -> 0 | AS18: =COUNTIF($H18:$AL18,AS$5) -> 0 | AT18: =COUNTIF($H18:$AL18,AT$5) -> 0 | AU18: =COUNTIF($H18:$AL18,AU$5) -> 0 | ... AW18: =COUNTIF($H18:$AL18,AW$5) -> 0
... D25: 20 | E25: =Setting!E23 | F25: =IFERROR(VLOOKUP(E25,Setting!$E:$G,2,0),"") | G25: =IFERROR(VLOOKUP(E25,Setting!$E:$G,3,0),"") | AM25: =SUM(AN25:AW25) -> 0 | AN25: =COUNTIF($H25:$AL25,AN$5) -> 0 | AO25: =COUNTIF($H25:$AL25,AO$5) -> 0 | AP25: =COUNTIF($H25:$AL25,AP$5) -> 0 | AQ25: =COUNTIF($H25:$AL25,AQ$5) -> 0 | AR25: =COUNTIF($H25:$AL25,AR$5) -> 0 | AS25: =COUNTIF($H25:$AL25,AS$5) -> 0 | AT25: =COUNTIF($H25:$AL25,AT$5) -> 0 | AU25: =COUNTIF($H25:$AL25,AU$5) -> 0 | ... AW25: =COUNTIF($H25:$AL25,AW$5) -> 0

Sheet August
I2: Monthly Leave Tracker
F3: August | G3: 2023 | H3: =IFERROR(VLOOKUP(H4,Holidays,2,0),"") | I3: =IFERROR(VLOOKUP(I4,Holidays,2,0),"") | J3: =IFERROR(VLOOKUP(J4,Holidays,2,0),"") | K3: =IFERROR(VLOOKUP(K4,Holidays,2,0),"") | L3: =IFERROR(VLOOKUP(L4,Holidays,2,0),"") | M3: =IFERROR(VLOOKUP(M4,Holidays,2,0),"") | N3: =IFERROR(VLOOKUP(N4,Holidays,2,0),"") | O3: =IFERROR(VLOOKUP(O4,Holidays,2,0),"") | ... AL3: =IFERROR(VLOOKUP(AL4,Holidays,2,0),"") | AM3: Summary
D4: SL. No. | E4: Emp. Code | F4: Employee Name | G4: Designation | H4: =DATEVALUE("1"&F3&G3) -> 45139 | I4: =IF(H$4<EOMONTH($H$4,0),H4+1,"EOM") -> 45140 | J4: =IF(I$4<EOMONTH($H$4,0),I4+1,"EOM") -> 45141 | K4: =IF(J$4<EOMONTH($H$4,0),J4+1,"EOM") -> 45142 | L4: =IF(K$4<EOMONTH($H$4,0),K4+1,"EOM") -> 45143 | M4: =IF(L$4<EOMONTH($H$4,0),L4+1,"EOM") -> 45144 | N4: =IF(M$4<EOMONTH($H$4,0),M4+1,"EOM") -> 45145 | O4: =IF(N$4<EOMONTH($H$4,0),N4+1,"EOM") -> 45146 | P4: =IF(O$4<EOMONTH($H$4,0),O4+1,"EOM") -> 45147 | ... AL4: =IF(AK$4<EOMONTH($H$4,0),AK4+1,"EOM") -> 45169 | AM4: Total Leaves | AN4: Casual Leave | AO4: Privilaged Leave | AP4: Sick Leave | AQ4: Maternity or Paternity | AR4: Half Day | AS4: Work from Home | AT4: Holidays | AU4: Week Offs | AV4: Total Absent / No Show | AW4: Leave Without Pay
H5: =TEXT(H4,"DDD") -> Tue | I5: =TEXT(I4,"DDD") -> Wed | J5: =TEXT(J4,"DDD") -> Thu | K5: =TEXT(K4,"DDD") -> Fri | L5: =TEXT(L4,"DDD") -> Sat | M5: =TEXT(M4,"DDD") -> Sun | N5: =TEXT(N4,"DDD") -> Mon | O5: =TEXT(O4,"DDD") -> Tue | ... AL5: =TEXT(AL4,"DDD") -> Thu | AN5: CL | AO5: PL | AP5: SL | AQ5: ML | AR5: HD | AS5: WH | AT5: H | AU5: WO | AV5: A | AW5: LWP
D6: 1 | E6: =Setting!E4 | F6: =IFERROR(VLOOKUP(E6,Setting!$E:$G,2,0),"") | G6: =IFERROR(VLOOKUP(E6,Setting!$E:$G,3,0),"") | AM6: =SUM(AN6:AW6) -> 0 | AN6: =COUNTIF($H6:$AL6,AN$5) -> 0 | AO6: =COUNTIF($H6:$AL6,AO$5) -> 0 | AP6: =COUNTIF($H6:$AL6,AP$5) -> 0 | AQ6: =COUNTIF($H6:$AL6,AQ$5) -> 0 | AR6: =COUNTIF($H6:$AL6,AR$5) -> 0 | AS6: =COUNTIF($H6:$AL6,AS$5) -> 0 | AT6: =COUNTIF($H6:$AL6,AT$5) -> 0 | AU6: =COUNTIF($H6:$AL6,AU$5) -> 0 | ... AW6: =COUNTIF($H6:$AL6,AW$5) -> 0
D7: 2 | E7: =Setting!E5 | F7: =IFERROR(VLOOKUP(E7,Setting!$E:$G,2,0),"") | G7: =IFERROR(VLOOKUP(E7,Setting!$E:$G,3,0),"") | AM7: =SUM(AN7:AW7) -> 0 | AN7: =COUNTIF($H7:$AL7,AN$5) -> 0 | AO7: =COUNTIF($H7:$AL7,AO$5) -> 0 | AP7: =COUNTIF($H7:$AL7,AP$5) -> 0 | AQ7: =COUNTIF($H7:$AL7,AQ$5) -> 0 | AR7: =COUNTIF($H7:$AL7,AR$5) -> 0 | AS7: =COUNTIF($H7:$AL7,AS$5) -> 0 | AT7: =COUNTIF($H7:$AL7,AT$5) -> 0 | AU7: =COUNTIF($H7:$AL7,AU$5) -> 0 | ... AW7: =COUNTIF($H7:$AL7,AW$5) -> 0
D8: 3 | E8: =Setting!E6 | F8: =IFERROR(VLOOKUP(E8,Setting!$E:$G,2,0),"") | G8: =IFERROR(VLOOKUP(E8,Setting!$E:$G,3,0),"") | AM8: =SUM(AN8:AW8) -> 0 | AN8: =COUNTIF($H8:$AL8,AN$5) -> 0 | AO8: =COUNTIF($H8:$AL8,AO$5) -> 0 | AP8: =COUNTIF($H8:$AL8,AP$5) -> 0 | AQ8: =COUNTIF($H8:$AL8,AQ$5) -> 0 | AR8: =COUNTIF($H8:$AL8,AR$5) -> 0 | AS8: =COUNTIF($H8:$AL8,AS$5) -> 0 | AT8: =COUNTIF($H8:$AL8,AT$5) -> 0 | AU8: =COUNTIF($H8:$AL8,AU$5) -> 0 | ... AW8: =COUNTIF($H8:$AL8,AW$5) -> 0
D9: 4 | E9: =Setting!E7 | F9: =IFERROR(VLOOKUP(E9,Setting!$E:$G,2,0),"") | G9: =IFERROR(VLOOKUP(E9,Setting!$E:$G,3,0),"") | AM9: =SUM(AN9:AW9) -> 0 | AN9: =COUNTIF($H9:$AL9,AN$5) -> 0 | AO9: =COUNTIF($H9:$AL9,AO$5) -> 0 | AP9: =COUNTIF($H9:$AL9,AP$5) -> 0 | AQ9: =COUNTIF($H9:$AL9,AQ$5) -> 0 | AR9: =COUNTIF($H9:$AL9,AR$5) -> 0 | AS9: =COUNTIF($H9:$AL9,AS$5) -> 0 | AT9: =COUNTIF($H9:$AL9,AT$5) -> 0 | AU9: =COUNTIF($H9:$AL9,AU$5) -> 0 | ... AW9: =COUNTIF($H9:$AL9,AW$5) -> 0
D10: 5 | E10: =Setting!E8 | F10: =IFERROR(VLOOKUP(E10,Setting!$E:$G,2,0),"") | G10: =IFERROR(VLOOKUP(E10,Setting!$E:$G,3,0),"") | AM10: =SUM(AN10:AW10) -> 0 | AN10: =COUNTIF($H10:$AL10,AN$5) -> 0 | AO10: =COUNTIF($H10:$AL10,AO$5) -> 0 | AP10: =COUNTIF($H10:$AL10,AP$5) -> 0 | AQ10: =COUNTIF($H10:$AL10,AQ$5) -> 0 | AR10: =COUNTIF($H10:$AL10,AR$5) -> 0 | AS10: =COUNTIF($H10:$AL10,AS$5) -> 0 | AT10: =COUNTIF($H10:$AL10,AT$5) -> 0 | AU10: =COUNTIF($H10:$AL10,AU$5) -> 0 | ... AW10: =COUNTIF($H10:$AL10,AW$5) -> 0
D11: 6 | E11: =Setting!E9 | F11: =IFERROR(VLOOKUP(E11,Setting!$E:$G,2,0),"") | G11: =IFERROR(VLOOKUP(E11,Setting!$E:$G,3,0),"") | AM11: =SUM(AN11:AW11) -> 0 | AN11: =COUNTIF($H11:$AL11,AN$5) -> 0 | AO11: =COUNTIF($H11:$AL11,AO$5) -> 0 | AP11: =COUNTIF($H11:$AL11,AP$5) -> 0 | AQ11: =COUNTIF($H11:$AL11,AQ$5) -> 0 | AR11: =COUNTIF($H11:$AL11,AR$5) -> 0 | AS11: =COUNTIF($H11:$AL11,AS$5) -> 0 | AT11: =COUNTIF($H11:$AL11,AT$5) -> 0 | AU11: =COUNTIF($H11:$AL11,AU$5) -> 0 | ... AW11: =COUNTIF($H11:$AL11,AW$5) -> 0
D12: 7 | E12: =Setting!E10 | F12: =IFERROR(VLOOKUP(E12,Setting!$E:$G,2,0),"") | G12: =IFERROR(VLOOKUP(E12,Setting!$E:$G,3,0),"") | AM12: =SUM(AN12:AW12) -> 0 | AN12: =COUNTIF($H12:$AL12,AN$5) -> 0 | AO12: =COUNTIF($H12:$AL12,AO$5) -> 0 | AP12: =COUNTIF($H12:$AL12,AP$5) -> 0 | AQ12: =COUNTIF($H12:$AL12,AQ$5) -> 0 | AR12: =COUNTIF($H12:$AL12,AR$5) -> 0 | AS12: =COUNTIF($H12:$AL12,AS$5) -> 0 | AT12: =COUNTIF($H12:$AL12,AT$5) -> 0 | AU12: =COUNTIF($H12:$AL12,AU$5) -> 0 | ... AW12: =COUNTIF($H12:$AL12,AW$5) -> 0
D13: 8 | E13: =Setting!E11 | F13: =IFERROR(VLOOKUP(E13,Setting!$E:$G,2,0),"") | G13: =IFERROR(VLOOKUP(E13,Setting!$E:$G,3,0),"") | AM13: =SUM(AN13:AW13) -> 0 | AN13: =COUNTIF($H13:$AL13,AN$5) -> 0 | AO13: =COUNTIF($H13:$AL13,AO$5) -> 0 | AP13: =COUNTIF($H13:$AL13,AP$5) -> 0 | AQ13: =COUNTIF($H13:$AL13,AQ$5) -> 0 | AR13: =COUNTIF($H13:$AL13,AR$5) -> 0 | AS13: =COUNTIF($H13:$AL13,AS$5) -> 0 | AT13: =COUNTIF($H13:$AL13,AT$5) -> 0 | AU13: =COUNTIF($H13:$AL13,AU$5) -> 0 | ... AW13: =COUNTIF($H13:$AL13,AW$5) -> 0
D14: 9 | E14: =Setting!E12 | F14: =IFERROR(VLOOKUP(E14,Setting!$E:$G,2,0),"") | G14: =IFERROR(VLOOKUP(E14,Setting!$E:$G,3,0),"") | AM14: =SUM(AN14:AW14) -> 0 | AN14: =COUNTIF($H14:$AL14,AN$5) -> 0 | AO14: =COUNTIF($H14:$AL14,AO$5) -> 0 | AP14: =COUNTIF($H14:$AL14,AP$5) -> 0 | AQ14: =COUNTIF($H14:$AL14,AQ$5) -> 0 | AR14: =COUNTIF($H14:$AL14,AR$5) -> 0 | AS14: =COUNTIF($H14:$AL14,AS$5) -> 0 | AT14: =COUNTIF($H14:$AL14,AT$5) -> 0 | AU14: =COUNTIF($H14:$AL14,AU$5) -> 0 | ... AW14: =COUNTIF($H14:$AL14,AW$5) -> 0
D15: 10 | E15: =Setting!E13 | F15: =IFERROR(VLOOKUP(E15,Setting!$E:$G,2,0),"") | G15: =IFERROR(VLOOKUP(E15,Setting!$E:$G,3,0),"") | AM15: =SUM(AN15:AW15) -> 0 | AN15: =COUNTIF($H15:$AL15,AN$5) -> 0 | AO15: =COUNTIF($H15:$AL15,AO$5) -> 0 | AP15: =COUNTIF($H15:$AL15,AP$5) -> 0 | AQ15: =COUNTIF($H15:$AL15,AQ$5) -> 0 | AR15: =COUNTIF($H15:$AL15,AR$5) -> 0 | AS15: =COUNTIF($H15:$AL15,AS$5) -> 0 | AT15: =COUNTIF($H15:$AL15,AT$5) -> 0 | AU15: =COUNTIF($H15:$AL15,AU$5) -> 0 | ... AW15: =COUNTIF($H15:$AL15,AW$5) -> 0
D16: 11 | E16: =Setting!E14 | F16: =IFERROR(VLOOKUP(E16,Setting!$E:$G,2,0),"") | G16: =IFERROR(VLOOKUP(E16,Setting!$E:$G,3,0),"") | AM16: =SUM(AN16:AW16) -> 0 | AN16: =COUNTIF($H16:$AL16,AN$5) -> 0 | AO16: =COUNTIF($H16:$AL16,AO$5) -> 0 | AP16: =COUNTIF($H16:$AL16,AP$5) -> 0 | AQ16: =COUNTIF($H16:$AL16,AQ$5) -> 0 | AR16: =COUNTIF($H16:$AL16,AR$5) -> 0 | AS16: =COUNTIF($H16:$AL16,AS$5) -> 0 | AT16: =COUNTIF($H16:$AL16,AT$5) -> 0 | AU16: =COUNTIF($H16:$AL16,AU$5) -> 0 | ... AW16: =COUNTIF($H16:$AL16,AW$5) -> 0
D17: 12 | E17: =Setting!E15 | F17: =IFERROR(VLOOKUP(E17,Setting!$E:$G,2,0),"") | G17: =IFERROR(VLOOKUP(E17,Setting!$E:$G,3,0),"") | AM17: =SUM(AN17:AW17) -> 0 | AN17: =COUNTIF($H17:$AL17,AN$5) -> 0 | AO17: =COUNTIF($H17:$AL17,AO$5) -> 0 | AP17: =COUNTIF($H17:$AL17,AP$5) -> 0 | AQ17: =COUNTIF($H17:$AL17,AQ$5) -> 0 | AR17: =COUNTIF($H17:$AL17,AR$5) -> 0 | AS17: =COUNTIF($H17:$AL17,AS$5) -> 0 | AT17: =COUNTIF($H17:$AL17,AT$5) -> 0 | AU17: =COUNTIF($H17:$AL17,AU$5) -> 0 | ... AW17: =COUNTIF($H17:$AL17,AW$5) -> 0
... D25: 20 | E25: =Setting!E23 | F25: =IFERROR(VLOOKUP(E25,Setting!$E:$G,2,0),"") | G25: =IFERROR(VLOOKUP(E25,Setting!$E:$G,3,0),"") | AM25: =SUM(AN25:AW25) -> 0 | AN25: =COUNTIF($H25:$AL25,AN$5) -> 0 | AO25: =COUNTIF($H25:$AL25,AO$5) -> 0 | AP25: =COUNTIF($H25:$AL25,AP$5) -> 0 | AQ25: =COUNTIF($H25:$AL25,AQ$5) -> 0 | AR25: =COUNTIF($H25:$AL25,AR$5) -> 0 | AS25: =COUNTIF($H25:$AL25,AS$5) -> 0 | AT25: =COUNTIF($H25:$AL25,AT$5) -> 0 | AU25: =COUNTIF($H25:$AL25,AU$5) -> 0 | ... AW25: =COUNTIF($H25:$AL25,AW$5) -> 0

Sheet September
I2: Monthly Leave Tracker
F3: September | G3: 2023 | H3: =IFERROR(VLOOKUP(H4,Holidays,2,0),"") | I3: =IFERROR(VLOOKUP(I4,Holidays,2,0),"") | J3: =IFERROR(VLOOKUP(J4,Holidays,2,0),"") | K3: =IFERROR(VLOOKUP(K4,Holidays,2,0),"") | L3: =IFERROR(VLOOKUP(L4,Holidays,2,0),"") | M3: =IFERROR(VLOOKUP(M4,Holidays,2,0),"") | N3: =IFERROR(VLOOKUP(N4,Holidays,2,0),"") | O3: =IFERROR(VLOOKUP(O4,Holidays,2,0),"") | ... AL3: =IFERROR(VLOOKUP(AL4,Holidays,2,0),"") | AM3: Summary
D4: SL. No. | E4: Emp. Code | F4: Employee Name | G4: Designation | H4: =DATEVALUE("1"&F3&G3) -> 45170 | I4: =IF(H$4<EOMONTH($H$4,0),H4+1,"EOM") -> 45171 | J4: =IF(I$4<EOMONTH($H$4,0),I4+1,"EOM") -> 45172 | K4: =IF(J$4<EOMONTH($H$4,0),J4+1,"EOM") -> 45173 | L4: =IF(K$4<EOMONTH($H$4,0),K4+1,"EOM") -> 45174 | M4: =IF(L$4<EOMONTH($H$4,0),L4+1,"EOM") -> 45175 | N4: =IF(M$4<EOMONTH($H$4,0),M4+1,"EOM") -> 45176 | O4: =IF(N$4<EOMONTH($H$4,0),N4+1,"EOM") -> 45177 | P4: =IF(O$4<EOMONTH($H$4,0),O4+1,"EOM") -> 45178 | ... AL4: =IF(AK$4<EOMONTH($H$4,0),AK4+1,"EOM") -> EOM | AM4: Total Leaves | AN4: Casual Leave | AO4: Privilaged Leave | AP4: Sick Leave | AQ4: Maternity or Paternity | AR4: Half Day | AS4: Work from Home | AT4: Holidays | AU4: Week Offs | AV4: Total Absent / No Show | AW4: Leave Without Pay
H5: =TEXT(H4,"DDD") -> Fri | I5: =TEXT(I4,"DDD") -> Sat | J5: =TEXT(J4,"DDD") -> Sun | K5: =TEXT(K4,"DDD") -> Mon | L5: =TEXT(L4,"DDD") -> Tue | M5: =TEXT(M4,"DDD") -> Wed | N5: =TEXT(N4,"DDD") -> Thu | O5: =TEXT(O4,"DDD") -> Fri | ... AL5: =TEXT(AL4,"DDD") -> EOM | AN5: CL | AO5: PL | AP5: SL | AQ5: ML | AR5: HD | AS5: WH | AT5: H | AU5: WO | AV5: A | AW5: LWP
D6: 1 | E6: =Setting!E4 | F6: =IFERROR(VLOOKUP(E6,Setting!$E:$G,2,0),"") | G6: =IFERROR(VLOOKUP(E6,Setting!$E:$G,3,0),"") | AM6: =SUM(AN6:AW6) -> 0 | AN6: =COUNTIF($H6:$AL6,AN$5) -> 0 | AO6: =COUNTIF($H6:$AL6,AO$5) -> 0 | AP6: =COUNTIF($H6:$AL6,AP$5) -> 0 | AQ6: =COUNTIF($H6:$AL6,AQ$5) -> 0 | AR6: =COUNTIF($H6:$AL6,AR$5) -> 0 | AS6: =COUNTIF($H6:$AL6,AS$5) -> 0 | AT6: =COUNTIF($H6:$AL6,AT$5) -> 0 | AU6: =COUNTIF($H6:$AL6,AU$5) -> 0 | ... AW6: =COUNTIF($H6:$AL6,AW$5) -> 0
D7: 2 | E7: =Setting!E5 | F7: =IFERROR(VLOOKUP(E7,Setting!$E:$G,2,0),"") | G7: =IFERROR(VLOOKUP(E7,Setting!$E:$G,3,0),"") | AM7: =SUM(AN7:AW7) -> 0 | AN7: =COUNTIF($H7:$AL7,AN$5) -> 0 | AO7: =COUNTIF($H7:$AL7,AO$5) -> 0 | AP7: =COUNTIF($H7:$AL7,AP$5) -> 0 | AQ7: =COUNTIF($H7:$AL7,AQ$5) -> 0 | AR7: =COUNTIF($H7:$AL7,AR$5) -> 0 | AS7: =COUNTIF($H7:$AL7,AS$5) -> 0 | AT7: =COUNTIF($H7:$AL7,AT$5) -> 0 | AU7: =COUNTIF($H7:$AL7,AU$5) -> 0 | ... AW7: =COUNTIF($H7:$AL7,AW$5) -> 0
D8: 3 | E8: =Setting!E6 | F8: =IFERROR(VLOOKUP(E8,Setting!$E:$G,2,0),"") | G8: =IFERROR(VLOOKUP(E8,Setting!$E:$G,3,0),"") | AM8: =SUM(AN8:AW8) -> 0 | AN8: =COUNTIF($H8:$AL8,AN$5) -> 0 | AO8: =COUNTIF($H8:$AL8,AO$5) -> 0 | AP8: =COUNTIF($H8:$AL8,AP$5) -> 0 | AQ8: =COUNTIF($H8:$AL8,AQ$5) -> 0 | AR8: =COUNTIF($H8:$AL8,AR$5) -> 0 | AS8: =COUNTIF($H8:$AL8,AS$5) -> 0 | AT8: =COUNTIF($H8:$AL8,AT$5) -> 0 | AU8: =COUNTIF($H8:$AL8,AU$5) -> 0 | ... AW8: =COUNTIF($H8:$AL8,AW$5) -> 0
D9: 4 | E9: =Setting!E7 | F9: =IFERROR(VLOOKUP(E9,Setting!$E:$G,2,0),"") | G9: =IFERROR(VLOOKUP(E9,Setting!$E:$G,3,0),"") | AM9: =SUM(AN9:AW9) -> 0 | AN9: =COUNTIF($H9:$AL9,AN$5) -> 0 | AO9: =COUNTIF($H9:$AL9,AO$5) -> 0 | AP9: =COUNTIF($H9:$AL9,AP$5) -> 0 | AQ9: =COUNTIF($H9:$AL9,AQ$5) -> 0 | AR9: =COUNTIF($H9:$AL9,AR$5) -> 0 | AS9: =COUNTIF($H9:$AL9,AS$5) -> 0 | AT9: =COUNTIF($H9:$AL9,AT$5) -> 0 | AU9: =COUNTIF($H9:$AL9,AU$5) -> 0 | ... AW9: =COUNTIF($H9:$AL9,AW$5) -> 0
D10: 5 | E10: =Setting!E8 | F10: =IFERROR(VLOOKUP(E10,Setting!$E:$G,2,0),"") | G10: =IFERROR(VLOOKUP(E10,Setting!$E:$G,3,0),"") | AM10: =SUM(AN10:AW10) -> 0 | AN10: =COUNTIF($H10:$AL10,AN$5) -> 0 | AO10: =COUNTIF($H10:$AL10,AO$5) -> 0 | AP10: =COUNTIF($H10:$AL10,AP$5) -> 0 | AQ10: =COUNTIF($H10:$AL10,AQ$5) -> 0 | AR10: =COUNTIF($H10:$AL10,AR$5) -> 0 | AS10: =COUNTIF($H10:$AL10,AS$5) -> 0 | AT10: =COUNTIF($H10:$AL10,AT$5) -> 0 | AU10: =COUNTIF($H10:$AL10,AU$5) -> 0 | ... AW10: =COUNTIF($H10:$AL10,AW$5) -> 0
D11: 6 | E11: =Setting!E9 | F11: =IFERROR(VLOOKUP(E11,Setting!$E:$G,2,0),"") | G11: =IFERROR(VLOOKUP(E11,Setting!$E:$G,3,0),"") | AM11: =SUM(AN11:AW11) -> 0 | AN11: =COUNTIF($H11:$AL11,AN$5) -> 0 | AO11: =COUNTIF($H11:$AL11,AO$5) -> 0 | AP11: =COUNTIF($H11:$AL11,AP$5) -> 0 | AQ11: =COUNTIF($H11:$AL11,AQ$5) -> 0 | AR11: =COUNTIF($H11:$AL11,AR$5) -> 0 | AS11: =COUNTIF($H11:$AL11,AS$5) -> 0 | AT11: =COUNTIF($H11:$AL11,AT$5) -> 0 | AU11: =COUNTIF($H11:$AL11,AU$5) -> 0 | ... AW11: =COUNTIF($H11:$AL11,AW$5) -> 0
D12: 7 | E12: =Setting!E10 | F12: =IFERROR(VLOOKUP(E12,Setting!$E:$G,2,0),"") | G12: =IFERROR(VLOOKUP(E12,Setting!$E:$G,3,0),"") | AM12: =SUM(AN12:AW12) -> 0 | AN12: =COUNTIF($H12:$AL12,AN$5) -> 0 | AO12: =COUNTIF($H12:$AL12,AO$5) -> 0 | AP12: =COUNTIF($H12:$AL12,AP$5) -> 0 | AQ12: =COUNTIF($H12:$AL12,AQ$5) -> 0 | AR12: =COUNTIF($H12:$AL12,AR$5) -> 0 | AS12: =COUNTIF($H12:$AL12,AS$5) -> 0 | AT12: =COUNTIF($H12:$AL12,AT$5) -> 0 | AU12: =COUNTIF($H12:$AL12,AU$5) -> 0 | ... AW12: =COUNTIF($H12:$AL12,AW$5) -> 0
D13: 8 | E13: =Setting!E11 | F13: =IFERROR(VLOOKUP(E13,Setting!$E:$G,2,0),"") | G13: =IFERROR(VLOOKUP(E13,Setting!$E:$G,3,0),"") | AM13: =SUM(AN13:AW13) -> 0 | AN13: =COUNTIF($H13:$AL13,AN$5) -> 0 | AO13: =COUNTIF($H13:$AL13,AO$5) -> 0 | AP13: =COUNTIF($H13:$AL13,AP$5) -> 0 | AQ13: =COUNTIF($H13:$AL13,AQ$5) -> 0 | AR13: =COUNTIF($H13:$AL13,AR$5) -> 0 | AS13: =COUNTIF($H13:$AL13,AS$5) -> 0 | AT13: =COUNTIF($H13:$AL13,AT$5) -> 0 | AU13: =COUNTIF($H13:$AL13,AU$5) -> 0 | ... AW13: =COUNTIF($H13:$AL13,AW$5) -> 0
D14: 9 | E14: =Setting!E12 | F14: =IFERROR(VLOOKUP(E14,Setting!$E:$G,2,0),"") | G14: =IFERROR(VLOOKUP(E14,Setting!$E:$G,3,0),"") | AM14: =SUM(AN14:AW14) -> 0 | AN14: =COUNTIF($H14:$AL14,AN$5) -> 0 | AO14: =COUNTIF($H14:$AL14,AO$5) -> 0 | AP14: =COUNTIF($H14:$AL14,AP$5) -> 0 | AQ14: =COUNTIF($H14:$AL14,AQ$5) -> 0 | AR14: =COUNTIF($H14:$AL14,AR$5) -> 0 | AS14: =COUNTIF($H14:$AL14,AS$5) -> 0 | AT14: =COUNTIF($H14:$AL14,AT$5) -> 0 | AU14: =COUNTIF($H14:$AL14,AU$5) -> 0 | ... AW14: =COUNTIF($H14:$AL14,AW$5) -> 0
D15: 10 | E15: =Setting!E13 | F15: =IFERROR(VLOOKUP(E15,Setting!$E:$G,2,0),"") | G15: =IFERROR(VLOOKUP(E15,Setting!$E:$G,3,0),"") | AM15: =SUM(AN15:AW15) -> 0 | AN15: =COUNTIF($H15:$AL15,AN$5) -> 0 | AO15: =COUNTIF($H15:$AL15,AO$5) -> 0 | AP15: =COUNTIF($H15:$AL15,AP$5) -> 0 | AQ15: =COUNTIF($H15:$AL15,AQ$5) -> 0 | AR15: =COUNTIF($H15:$AL15,AR$5) -> 0 | AS15: =COUNTIF($H15:$AL15,AS$5) -> 0 | AT15: =COUNTIF($H15:$AL15,AT$5) -> 0 | AU15: =COUNTIF($H15:$AL15,AU$5) -> 0 | ... AW15: =COUNTIF($H15:$AL15,AW$5) -> 0
D16: 11 | E16: =Setting!E14 | F16: =IFERROR(VLOOKUP(E16,Setting!$E:$G,2,0),"") | G16: =IFERROR(VLOOKUP(E16,Setting!$E:$G,3,0),"") | AM16: =SUM(AN16:AW16) -> 0 | AN16: =COUNTIF($H16:$AL16,AN$5) -> 0 | AO16: =COUNTIF($H16:$AL16,AO$5) -> 0 | AP16: =COUNTIF($H16:$AL16,AP$5) -> 0 | AQ16: =COUNTIF($H16:$AL16,AQ$5) -> 0 | AR16: =COUNTIF($H16:$AL16,AR$5) -> 0 | AS16: =COUNTIF($H16:$AL16,AS$5) -> 0 | AT16: =COUNTIF($H16:$AL16,AT$5) -> 0 | AU16: =COUNTIF($H16:$AL16,AU$5) -> 0 | ... AW16: =COUNTIF($H16:$AL16,AW$5) -> 0
D17: 12 | E17: =Setting!E15 | F17: =IFERROR(VLOOKUP(E17,Setting!$E:$G,2,0),"") | G17: =IFERROR(VLOOKUP(E17,Setting!$E:$G,3,0),"") | AM17: =SUM(AN17:AW17) -> 0 | AN17: =COUNTIF($H17:$AL17,AN$5) -> 0 | AO17: =COUNTIF($H17:$AL17,AO$5) -> 0 | AP17: =COUNTIF($H17:$AL17,AP$5) -> 0 | AQ17: =COUNTIF($H17:$AL17,AQ$5) -> 0 | AR17: =COUNTIF($H17:$AL17,AR$5) -> 0 | AS17: =COUNTIF($H17:$AL17,AS$5) -> 0 | AT17: =COUNTIF($H17:$AL17,AT$5) -> 0 | AU17: =COUNTIF($H17:$AL17,AU$5) -> 0 | ... AW17: =COUNTIF($H17:$AL17,AW$5) -> 0
... D25: 20 | E25: =Setting!E23 | F25: =IFERROR(VLOOKUP(E25,Setting!$E:$G,2,0),"") | G25: =IFERROR(VLOOKUP(E25,Setting!$E:$G,3,0),"") | AM25: =SUM(AN25:AW25) -> 0 | AN25: =COUNTIF($H25:$AL25,AN$5) -> 0 | AO25: =COUNTIF($H25:$AL25,AO$5) -> 0 | AP25: =COUNTIF($H25:$AL25,AP$5) -> 0 | AQ25: =COUNTIF($H25:$AL25,AQ$5) -> 0 | AR25: =COUNTIF($H25:$AL25,AR$5) -> 0 | AS25: =COUNTIF($H25:$AL25,AS$5) -> 0 | AT25: =COUNTIF($H25:$AL25,AT$5) -> 0 | AU25: =COUNTIF($H25:$AL25,AU$5) -> 0 | ... AW25: =COUNTIF($H25:$AL25,AW$5) -> 0

Sheet October
I2: Monthly Leave Tracker
F3: October | G3: 2023 | H3: =IFERROR(VLOOKUP(H4,Holidays,2,0),"") | I3: =IFERROR(VLOOKUP(I4,Holidays,2,0),"") | J3: =IFERROR(VLOOKUP(J4,Holidays,2,0),"") | K3: =IFERROR(VLOOKUP(K4,Holidays,2,0),"") | L3: =IFERROR(VLOOKUP(L4,Holidays,2,0),"") | M3: =IFERROR(VLOOKUP(M4,Holidays,2,0),"") | N3: =IFERROR(VLOOKUP(N4,Holidays,2,0),"") | O3: =IFERROR(VLOOKUP(O4,Holidays,2,0),"") | ... AL3: =IFERROR(VLOOKUP(AL4,Holidays,2,0),"") | AM3: Summary
D4: SL. No. | E4: Emp. Code | F4: Employee Name | G4: Designation | H4: =DATEVALUE("1"&F3&G3) -> 45200 | I4: =IF(H$4<EOMONTH($H$4,0),H4+1,"EOM") -> 45201 | J4: =IF(I$4<EOMONTH($H$4,0),I4+1,"EOM") -> 45202 | K4: =IF(J$4<EOMONTH($H$4,0),J4+1,"EOM") -> 45203 | L4: =IF(K$4<EOMONTH($H$4,0),K4+1,"EOM") -> 45204 | M4: =IF(L$4<EOMONTH($H$4,0),L4+1,"EOM") -> 45205 | N4: =IF(M$4<EOMONTH($H$4,0),M4+1,"EOM") -> 45206 | O4: =IF(N$4<EOMONTH($H$4,0),N4+1,"EOM") -> 45207 | P4: =IF(O$4<EOMONTH($H$4,0),O4+1,"EOM") -> 45208 | ... AL4: =IF(AK$4<EOMONTH($H$4,0),AK4+1,"EOM") -> 45230 | AM4: Total Leaves | AN4: Casual Leave | AO4: Privilaged Leave | AP4: Sick Leave | AQ4: Maternity or Paternity | AR4: Half Day | AS4: Work from Home | AT4: Holidays | AU4: Week Offs | AV4: Total Absent / No Show | AW4: Leave Without Pay
H5: =TEXT(H4,"DDD") -> Sun | I5: =TEXT(I4,"DDD") -> Mon | J5: =TEXT(J4,"DDD") -> Tue | K5: =TEXT(K4,"DDD") -> Wed | L5: =TEXT(L4,"DDD") -> Thu | M5: =TEXT(M4,"DDD") -> Fri | N5: =TEXT(N4,"DDD") -> Sat | O5: =TEXT(O4,"DDD") -> Sun | ... AL5: =TEXT(AL4,"DDD") -> Tue | AN5: CL | AO5: PL | AP5: SL | AQ5: ML | AR5: HD | AS5: WH | AT5: H | AU5: WO | AV5: A | AW5: LWP
D6: 1 | E6: =Setting!E4 | F6: =IFERROR(VLOOKUP(E6,Setting!$E:$G,2,0),"") | G6: =IFERROR(VLOOKUP(E6,Setting!$E:$G,3,0),"") | AM6: =SUM(AN6:AW6) -> 0 | AN6: =COUNTIF($H6:$AL6,AN$5) -> 0 | AO6: =COUNTIF($H6:$AL6,AO$5) -> 0 | AP6: =COUNTIF($H6:$AL6,AP$5) -> 0 | AQ6: =COUNTIF($H6:$AL6,AQ$5) -> 0 | AR6: =COUNTIF($H6:$AL6,AR$5) -> 0 | AS6: =COUNTIF($H6:$AL6,AS$5) -> 0 | AT6: =COUNTIF($H6:$AL6,AT$5) -> 0 | AU6: =COUNTIF($H6:$AL6,AU$5) -> 0 | ... AW6: =COUNTIF($H6:$AL6,AW$5) -> 0
D7: 2 | E7: =Setting!E5 | F7: =IFERROR(VLOOKUP(E7,Setting!$E:$G,2,0),"") | G7: =IFERROR(VLOOKUP(E7,Setting!$E:$G,3,0),"") | AM7: =SUM(AN7:AW7) -> 0 | AN7: =COUNTIF($H7:$AL7,AN$5) -> 0 | AO7: =COUNTIF($H7:$AL7,AO$5) -> 0 | AP7: =COUNTIF($H7:$AL7,AP$5) -> 0 | AQ7: =COUNTIF($H7:$AL7,AQ$5) -> 0 | AR7: =COUNTIF($H7:$AL7,AR$5) -> 0 | AS7: =COUNTIF($H7:$AL7,AS$5) -> 0 | AT7: =COUNTIF($H7:$AL7,AT$5) -> 0 | AU7: =COUNTIF($H7:$AL7,AU$5) -> 0 | ... AW7: =COUNTIF($H7:$AL7,AW$5) -> 0
D8: 3 | E8: =Setting!E6 | F8: =IFERROR(VLOOKUP(E8,Setting!$E:$G,2,0),"") | G8: =IFERROR(VLOOKUP(E8,Setting!$E:$G,3,0),"") | AM8: =SUM(AN8:AW8) -> 0 | AN8: =COUNTIF($H8:$AL8,AN$5) -> 0 | AO8: =COUNTIF($H8:$AL8,AO$5) -> 0 | AP8: =COUNTIF($H8:$AL8,AP$5) -> 0 | AQ8: =COUNTIF($H8:$AL8,AQ$5) -> 0 | AR8: =COUNTIF($H8:$AL8,AR$5) -> 0 | AS8: =COUNTIF($H8:$AL8,AS$5) -> 0 | AT8: =COUNTIF($H8:$AL8,AT$5) -> 0 | AU8: =COUNTIF($H8:$AL8,AU$5) -> 0 | ... AW8: =COUNTIF($H8:$AL8,AW$5) -> 0
D9: 4 | E9: =Setting!E7 | F9: =IFERROR(VLOOKUP(E9,Setting!$E:$G,2,0),"") | G9: =IFERROR(VLOOKUP(E9,Setting!$E:$G,3,0),"") | AM9: =SUM(AN9:AW9) -> 0 | AN9: =COUNTIF($H9:$AL9,AN$5) -> 0 | AO9: =COUNTIF($H9:$AL9,AO$5) -> 0 | AP9: =COUNTIF($H9:$AL9,AP$5) -> 0 | AQ9: =COUNTIF($H9:$AL9,AQ$5) -> 0 | AR9: =COUNTIF($H9:$AL9,AR$5) -> 0 | AS9: =COUNTIF($H9:$AL9,AS$5) -> 0 | AT9: =COUNTIF($H9:$AL9,AT$5) -> 0 | AU9: =COUNTIF($H9:$AL9,AU$5) -> 0 | ... AW9: =COUNTIF($H9:$AL9,AW$5) -> 0
D10: 5 | E10: =Setting!E8 | F10: =IFERROR(VLOOKUP(E10,Setting!$E:$G,2,0),"") | G10: =IFERROR(VLOOKUP(E10,Setting!$E:$G,3,0),"") | AM10: =SUM(AN10:AW10) -> 0 | AN10: =COUNTIF($H10:$AL10,AN$5) -> 0 | AO10: =COUNTIF($H10:$AL10,AO$5) -> 0 | AP10: =COUNTIF($H10:$AL10,AP$5) -> 0 | AQ10: =COUNTIF($H10:$AL10,AQ$5) -> 0 | AR10: =COUNTIF($H10:$AL10,AR$5) -> 0 | AS10: =COUNTIF($H10:$AL10,AS$5) -> 0 | AT10: =COUNTIF($H10:$AL10,AT$5) -> 0 | AU10: =COUNTIF($H10:$AL10,AU$5) -> 0 | ... AW10: =COUNTIF($H10:$AL10,AW$5) -> 0
D11: 6 | E11: =Setting!E9 | F11: =IFERROR(VLOOKUP(E11,Setting!$E:$G,2,0),"") | G11: =IFERROR(VLOOKUP(E11,Setting!$E:$G,3,0),"") | AM11: =SUM(AN11:AW11) -> 0 | AN11: =COUNTIF($H11:$AL11,AN$5) -> 0 | AO11: =COUNTIF($H11:$AL11,AO$5) -> 0 | AP11: =COUNTIF($H11:$AL11,AP$5) -> 0 | AQ11: =COUNTIF($H11:$AL11,AQ$5) -> 0 | AR11: =COUNTIF($H11:$AL11,AR$5) -> 0 | AS11: =COUNTIF($H11:$AL11,AS$5) -> 0 | AT11: =COUNTIF($H11:$AL11,AT$5) -> 0 | AU11: =COUNTIF($H11:$AL11,AU$5) -> 0 | ... AW11: =COUNTIF($H11:$AL11,AW$5) -> 0
D12: 7 | E12: =Setting!E10 | F12: =IFERROR(VLOOKUP(E12,Setting!$E:$G,2,0),"") | G12: =IFERROR(VLOOKUP(E12,Setting!$E:$G,3,0),"") | AM12: =SUM(AN12:AW12) -> 0 | AN12: =COUNTIF($H12:$AL12,AN$5) -> 0 | AO12: =COUNTIF($H12:$AL12,AO$5) -> 0 | AP12: =COUNTIF($H12:$AL12,AP$5) -> 0 | AQ12: =COUNTIF($H12:$AL12,AQ$5) -> 0 | AR12: =COUNTIF($H12:$AL12,AR$5) -> 0 | AS12: =COUNTIF($H12:$AL12,AS$5) -> 0 | AT12: =COUNTIF($H12:$AL12,AT$5) -> 0 | AU12: =COUNTIF($H12:$AL12,AU$5) -> 0 | ... AW12: =COUNTIF($H12:$AL12,AW$5) -> 0
D13: 8 | E13: =Setting!E11 | F13: =IFERROR(VLOOKUP(E13,Setting!$E:$G,2,0),"") | G13: =IFERROR(VLOOKUP(E13,Setting!$E:$G,3,0),"") | AM13: =SUM(AN13:AW13) -> 0 | AN13: =COUNTIF($H13:$AL13,AN$5) -> 0 | AO13: =COUNTIF($H13:$AL13,AO$5) -> 0 | AP13: =COUNTIF($H13:$AL13,AP$5) -> 0 | AQ13: =COUNTIF($H13:$AL13,AQ$5) -> 0 | AR13: =COUNTIF($H13:$AL13,AR$5) -> 0 | AS13: =COUNTIF($H13:$AL13,AS$5) -> 0 | AT13: =COUNTIF($H13:$AL13,AT$5) -> 0 | AU13: =COUNTIF($H13:$AL13,AU$5) -> 0 | ... AW13: =COUNTIF($H13:$AL13,AW$5) -> 0
D14: 9 | E14: =Setting!E12 | F14: =IFERROR(VLOOKUP(E14,Setting!$E:$G,2,0),"") | G14: =IFERROR(VLOOKUP(E14,Setting!$E:$G,3,0),"") | AM14: =SUM(AN14:AW14) -> 0 | AN14: =COUNTIF($H14:$AL14,AN$5) -> 0 | AO14: =COUNTIF($H14:$AL14,AO$5) -> 0 | AP14: =COUNTIF($H14:$AL14,AP$5) -> 0 | AQ14: =COUNTIF($H14:$AL14,AQ$5) -> 0 | AR14: =COUNTIF($H14:$AL14,AR$5) -> 0 | AS14: =COUNTIF($H14:$AL14,AS$5) -> 0 | AT14: =COUNTIF($H14:$AL14,AT$5) -> 0 | AU14: =COUNTIF($H14:$AL14,AU$5) -> 0 | ... AW14: =COUNTIF($H14:$AL14,AW$5) -> 0
D15: 10 | E15: =Setting!E13 | F15: =IFERROR(VLOOKUP(E15,Setting!$E:$G,2,0),"") | G15: =IFERROR(VLOOKUP(E15,Setting!$E:$G,3,0),"") | AM15: =SUM(AN15:AW15) -> 0 | AN15: =COUNTIF($H15:$AL15,AN$5) -> 0 | AO15: =COUNTIF($H15:$AL15,AO$5) -> 0 | AP15: =COUNTIF($H15:$AL15,AP$5) -> 0 | AQ15: =COUNTIF($H15:$AL15,AQ$5) -> 0 | AR15: =COUNTIF($H15:$AL15,AR$5) -> 0 | AS15: =COUNTIF($H15:$AL15,AS$5) -> 0 | AT15: =COUNTIF($H15:$AL15,AT$5) -> 0 | AU15: =COUNTIF($H15:$AL15,AU$5) -> 0 | ... AW15: =COUNTIF($H15:$AL15,AW$5) -> 0
D16: 11 | E16: =Setting!E14 | F16: =IFERROR(VLOOKUP(E16,Setting!$E:$G,2,0),"") | G16: =IFERROR(VLOOKUP(E16,Setting!$E:$G,3,0),"") | AM16: =SUM(AN16:AW16) -> 0 | AN16: =COUNTIF($H16:$AL16,AN$5) -> 0 | AO16: =COUNTIF($H16:$AL16,AO$5) -> 0 | AP16: =COUNTIF($H16:$AL16,AP$5) -> 0 | AQ16: =COUNTIF($H16:$AL16,AQ$5) -> 0 | AR16: =COUNTIF($H16:$AL16,AR$5) -> 0 | AS16: =COUNTIF($H16:$AL16,AS$5) -> 0 | AT16: =COUNTIF($H16:$AL16,AT$5) -> 0 | AU16: =COUNTIF($H16:$AL16,AU$5) -> 0 | ... AW16: =COUNTIF($H16:$AL16,AW$5) -> 0
D17: 12 | E17: =Setting!E15 | F17: =IFERROR(VLOOKUP(E17,Setting!$E:$G,2,0),"") | G17: =IFERROR(VLOOKUP(E17,Setting!$E:$G,3,0),"") | AM17: =SUM(AN17:AW17) -> 0 | AN17: =COUNTIF($H17:$AL17,AN$5) -> 0 | AO17: =COUNTIF($H17:$AL17,AO$5) -> 0 | AP17: =COUNTIF($H17:$AL17,AP$5) -> 0 | AQ17: =COUNTIF($H17:$AL17,AQ$5) -> 0 | AR17: =COUNTIF($H17:$AL17,AR$5) -> 0 | AS17: =COUNTIF($H17:$AL17,AS$5) -> 0 | AT17: =COUNTIF($H17:$AL17,AT$5) -> 0 | AU17: =COUNTIF($H17:$AL17,AU$5) -> 0 | ... AW17: =COUNTIF($H17:$AL17,AW$5) -> 0
... D25: 20 | E25: =Setting!E23 | F25: =IFERROR(VLOOKUP(E25,Setting!$E:$G,2,0),"") | G25: =IFERROR(VLOOKUP(E25,Setting!$E:$G,3,0),"") | AM25: =SUM(AN25:AW25) -> 0 | AN25: =COUNTIF($H25:$AL25,AN$5) -> 0 | AO25: =COUNTIF($H25:$AL25,AO$5) -> 0 | AP25: =COUNTIF($H25:$AL25,AP$5) -> 0 | AQ25: =COUNTIF($H25:$AL25,AQ$5) -> 0 | AR25: =COUNTIF($H25:$AL25,AR$5) -> 0 | AS25: =COUNTIF($H25:$AL25,AS$5) -> 0 | AT25: =COUNTIF($H25:$AL25,AT$5) -> 0 | AU25: =COUNTIF($H25:$AL25,AU$5) -> 0 | ... AW25: =COUNTIF($H25:$AL25,AW$5) -> 0

Sheet November
I2: Monthly Leave Tracker
F3: November | G3: 2023 | H3: =IFERROR(VLOOKUP(H4,Holidays,2,0),"") | I3: =IFERROR(VLOOKUP(I4,Holidays,2,0),"") | J3: =IFERROR(VLOOKUP(J4,Holidays,2,0),"") | K3: =IFERROR(VLOOKUP(K4,Holidays,2,0),"") | L3: =IFERROR(VLOOKUP(L4,Holidays,2,0),"") | M3: =IFERROR(VLOOKUP(M4,Holidays,2,0),"") | N3: =IFERROR(VLOOKUP(N4,Holidays,2,0),"") | O3: =IFERROR(VLOOKUP(O4,Holidays,2,0),"") | ... AL3: =IFERROR(VLOOKUP(AL4,Holidays,2,0),"") | AM3: Summary
D4: SL. No. | E4: Emp. Code | F4: Employee Name | G4: Designation | H4: =DATEVALUE("1"&F3&G3) -> 45231 | I4: =IF(H$4<EOMONTH($H$4,0),H4+1,"EOM") -> 45232 | J4: =IF(I$4<EOMONTH($H$4,0),I4+1,"EOM") -> 45233 | K4: =IF(J$4<EOMONTH($H$4,0),J4+1,"EOM") -> 45234 | L4: =IF(K$4<EOMONTH($H$4,0),K4+1,"EOM") -> 45235 | M4: =IF(L$4<EOMONTH($H$4,0),L4+1,"EOM") -> 45236 | N4: =IF(M$4<EOMONTH($H$4,0),M4+1,"EOM") -> 45237 | O4: =IF(N$4<EOMONTH($H$4,0),N4+1,"EOM") -> 45238 | P4: =IF(O$4<EOMONTH($H$4,0),O4+1,"EOM") -> 45239 | ... AL4: =IF(AK$4<EOMONTH($H$4,0),AK4+1,"EOM") -> EOM | AM4: Total Leaves | AN4: Casual Leave | AO4: Privilaged Leave | AP4: Sick Leave | AQ4: Maternity or Paternity | AR4: Half Day | AS4: Work from Home | AT4: Holidays | AU4: Week Offs | AV4: Total Absent / No Show | AW4: Leave Without Pay
H5: =TEXT(H4,"DDD") -> Wed | I5: =TEXT(I4,"DDD") -> Thu | J5: =TEXT(J4,"DDD") -> Fri | K5: =TEXT(K4,"DDD") -> Sat | L5: =TEXT(L4,"DDD") -> Sun | M5: =TEXT(M4,"DDD") -> Mon | N5: =TEXT(N4,"DDD") -> Tue | O5: =TEXT(O4,"DDD") -> Wed | ... AL5: =TEXT(AL4,"DDD") -> EOM | AN5: CL | AO5: PL | AP5: SL | AQ5: ML | AR5: HD | AS5: WH | AT5: H | AU5: WO | AV5: A | AW5: LWP
D6: 1 | E6: =Setting!E4 | F6: =IFERROR(VLOOKUP(E6,Setting!$E:$G,2,0),"") | G6: =IFERROR(VLOOKUP(E6,Setting!$E:$G,3,0),"") | AM6: =SUM(AN6:AW6) -> 0 | AN6: =COUNTIF($H6:$AL6,AN$5) -> 0 | AO6: =COUNTIF($H6:$AL6,AO$5) -> 0 | AP6: =COUNTIF($H6:$AL6,AP$5) -> 0 | AQ6: =COUNTIF($H6:$AL6,AQ$5) -> 0 | AR6: =COUNTIF($H6:$AL6,AR$5) -> 0 | AS6: =COUNTIF($H6:$AL6,AS$5) -> 0 | AT6: =COUNTIF($H6:$AL6,AT$5) -> 0 | AU6: =COUNTIF($H6:$AL6,AU$5) -> 0 | ... AW6: =COUNTIF($H6:$AL6,AW$5) -> 0
D7: 2 | E7: =Setting!E5 | F7: =IFERROR(VLOOKUP(E7,Setting!$E:$G,2,0),"") | G7: =IFERROR(VLOOKUP(E7,Setting!$E:$G,3,0),"") | AM7: =SUM(AN7:AW7) -> 0 | AN7: =COUNTIF($H7:$AL7,AN$5) -> 0 | AO7: =COUNTIF($H7:$AL7,AO$5) -> 0 | AP7: =COUNTIF($H7:$AL7,AP$5) -> 0 | AQ7: =COUNTIF($H7:$AL7,AQ$5) -> 0 | AR7: =COUNTIF($H7:$AL7,AR$5) -> 0 | AS7: =COUNTIF($H7:$AL7,AS$5) -> 0 | AT7: =COUNTIF($H7:$AL7,AT$5) -> 0 | AU7: =COUNTIF($H7:$AL7,AU$5) -> 0 | ... AW7: =COUNTIF($H7:$AL7,AW$5) -> 0
D8: 3 | E8: =Setting!E6 | F8: =IFERROR(VLOOKUP(E8,Setting!$E:$G,2,0),"") | G8: =IFERROR(VLOOKUP(E8,Setting!$E:$G,3,0),"") | AM8: =SUM(AN8:AW8) -> 0 | AN8: =COUNTIF($H8:$AL8,AN$5) -> 0 | AO8: =COUNTIF($H8:$AL8,AO$5) -> 0 | AP8: =COUNTIF($H8:$AL8,AP$5) -> 0 | AQ8: =COUNTIF($H8:$AL8,AQ$5) -> 0 | AR8: =COUNTIF($H8:$AL8,AR$5) -> 0 | AS8: =COUNTIF($H8:$AL8,AS$5) -> 0 | AT8: =COUNTIF($H8:$AL8,AT$5) -> 0 | AU8: =COUNTIF($H8:$AL8,AU$5) -> 0 | ... AW8: =COUNTIF($H8:$AL8,AW$5) -> 0
D9: 4 | E9: =Setting!E7 | F9: =IFERROR(VLOOKUP(E9,Setting!$E:$G,2,0),"") | G9: =IFERROR(VLOOKUP(E9,Setting!$E:$G,3,0),"") | AM9: =SUM(AN9:AW9) -> 0 | AN9: =COUNTIF($H9:$AL9,AN$5) -> 0 | AO9: =COUNTIF($H9:$AL9,AO$5) -> 0 | AP9: =COUNTIF($H9:$AL9,AP$5) -> 0 | AQ9: =COUNTIF($H9:$AL9,AQ$5) -> 0 | AR9: =COUNTIF($H9:$AL9,AR$5) -> 0 | AS9: =COUNTIF($H9:$AL9,AS$5) -> 0 | AT9: =COUNTIF($H9:$AL9,AT$5) -> 0 | AU9: =COUNTIF($H9:$AL9,AU$5) -> 0 | ... AW9: =COUNTIF($H9:$AL9,AW$5) -> 0
D10: 5 | E10: =Setting!E8 | F10: =IFERROR(VLOOKUP(E10,Setting!$E:$G,2,0),"") | G10: =IFERROR(VLOOKUP(E10,Setting!$E:$G,3,0),"") | AM10: =SUM(AN10:AW10) -> 0 | AN10: =COUNTIF($H10:$AL10,AN$5) -> 0 | AO10: =COUNTIF($H10:$AL10,AO$5) -> 0 | AP10: =COUNTIF($H10:$AL10,AP$5) -> 0 | AQ10: =COUNTIF($H10:$AL10,AQ$5) -> 0 | AR10: =COUNTIF($H10:$AL10,AR$5) -> 0 | AS10: =COUNTIF($H10:$AL10,AS$5) -> 0 | AT10: =COUNTIF($H10:$AL10,AT$5) -> 0 | AU10: =COUNTIF($H10:$AL10,AU$5) -> 0 | ... AW10: =COUNTIF($H10:$AL10,AW$5) -> 0
D11: 6 | E11: =Setting!E9 | F11: =IFERROR(VLOOKUP(E11,Setting!$E:$G,2,0),"") | G11: =IFERROR(VLOOKUP(E11,Setting!$E:$G,3,0),"") | AM11: =SUM(AN11:AW11) -> 0 | AN11: =COUNTIF($H11:$AL11,AN$5) -> 0 | AO11: =COUNTIF($H11:$AL11,AO$5) -> 0 | AP11: =COUNTIF($H11:$AL11,AP$5) -> 0 | AQ11: =COUNTIF($H11:$AL11,AQ$5) -> 0 | AR11: =COUNTIF($H11:$AL11,AR$5) -> 0 | AS11: =COUNTIF($H11:$AL11,AS$5) -> 0 | AT11: =COUNTIF($H11:$AL11,AT$5) -> 0 | AU11: =COUNTIF($H11:$AL11,AU$5) -> 0 | ... AW11: =COUNTIF($H11:$AL11,AW$5) -> 0
D12: 7 | E12: =Setting!E10 | F12: =IFERROR(VLOOKUP(E12,Setting!$E:$G,2,0),"") | G12: =IFERROR(VLOOKUP(E12,Setting!$E:$G,3,0),"") | AM12: =SUM(AN12:AW12) -> 0 | AN12: =COUNTIF($H12:$AL12,AN$5) -> 0 | AO12: =COUNTIF($H12:$AL12,AO$5) -> 0 | AP12: =COUNTIF($H12:$AL12,AP$5) -> 0 | AQ12: =COUNTIF($H12:$AL12,AQ$5) -> 0 | AR12: =COUNTIF($H12:$AL12,AR$5) -> 0 | AS12: =COUNTIF($H12:$AL12,AS$5) -> 0 | AT12: =COUNTIF($H12:$AL12,AT$5) -> 0 | AU12: =COUNTIF($H12:$AL12,AU$5) -> 0 | ... AW12: =COUNTIF($H12:$AL12,AW$5) -> 0
D13: 8 | E13: =Setting!E11 | F13: =IFERROR(VLOOKUP(E13,Setting!$E:$G,2,0),"") | G13: =IFERROR(VLOOKUP(E13,Setting!$E:$G,3,0),"") | AM13: =SUM(AN13:AW13) -> 0 | AN13: =COUNTIF($H13:$AL13,AN$5) -> 0 | AO13: =COUNTIF($H13:$AL13,AO$5) -> 0 | AP13: =COUNTIF($H13:$AL13,AP$5) -> 0 | AQ13: =COUNTIF($H13:$AL13,AQ$5) -> 0 | AR13: =COUNTIF($H13:$AL13,AR$5) -> 0 | AS13: =COUNTIF($H13:$AL13,AS$5) -> 0 | AT13: =COUNTIF($H13:$AL13,AT$5) -> 0 | AU13: =COUNTIF($H13:$AL13,AU$5) -> 0 | ... AW13: =COUNTIF($H13:$AL13,AW$5) -> 0
D14: 9 | E14: =Setting!E12 | F14: =IFERROR(VLOOKUP(E14,Setting!$E:$G,2,0),"") | G14: =IFERROR(VLOOKUP(E14,Setting!$E:$G,3,0),"") | AM14: =SUM(AN14:AW14) -> 0 | AN14: =COUNTIF($H14:$AL14,AN$5) -> 0 | AO14: =COUNTIF($H14:$AL14,AO$5) -> 0 | AP14: =COUNTIF($H14:$AL14,AP$5) -> 0 | AQ14: =COUNTIF($H14:$AL14,AQ$5) -> 0 | AR14: =COUNTIF($H14:$AL14,AR$5) -> 0 | AS14: =COUNTIF($H14:$AL14,AS$5) -> 0 | AT14: =COUNTIF($H14:$AL14,AT$5) -> 0 | AU14: =COUNTIF($H14:$AL14,AU$5) -> 0 | ... AW14: =COUNTIF($H14:$AL14,AW$5) -> 0
D15: 10 | E15: =Setting!E13 | F15: =IFERROR(VLOOKUP(E15,Setting!$E:$G,2,0),"") | G15: =IFERROR(VLOOKUP(E15,Setting!$E:$G,3,0),"") | AM15: =SUM(AN15:AW15) -> 0 | AN15: =COUNTIF($H15:$AL15,AN$5) -> 0 | AO15: =COUNTIF($H15:$AL15,AO$5) -> 0 | AP15: =COUNTIF($H15:$AL15,AP$5) -> 0 | AQ15: =COUNTIF($H15:$AL15,AQ$5) -> 0 | AR15: =COUNTIF($H15:$AL15,AR$5) -> 0 | AS15: =COUNTIF($H15:$AL15,AS$5) -> 0 | AT15: =COUNTIF($H15:$AL15,AT$5) -> 0 | AU15: =COUNTIF($H15:$AL15,AU$5) -> 0 | ... AW15: =COUNTIF($H15:$AL15,AW$5) -> 0
D16: 11 | E16: =Setting!E14 | F16: =IFERROR(VLOOKUP(E16,Setting!$E:$G,2,0),"") | G16: =IFERROR(VLOOKUP(E16,Setting!$E:$G,3,0),"") | AM16: =SUM(AN16:AW16) -> 0 | AN16: =COUNTIF($H16:$AL16,AN$5) -> 0 | AO16: =COUNTIF($H16:$AL16,AO$5) -> 0 | AP16: =COUNTIF($H16:$AL16,AP$5) -> 0 | AQ16: =COUNTIF($H16:$AL16,AQ$5) -> 0 | AR16: =COUNTIF($H16:$AL16,AR$5) -> 0 | AS16: =COUNTIF($H16:$AL16,AS$5) -> 0 | AT16: =COUNTIF($H16:$AL16,AT$5) -> 0 | AU16: =COUNTIF($H16:$AL16,AU$5) -> 0 | ... AW16: =COUNTIF($H16:$AL16,AW$5) -> 0
D17: 12 | E17: =Setting!E15 | F17: =IFERROR(VLOOKUP(E17,Setting!$E:$G,2,0),"") | G17: =IFERROR(VLOOKUP(E17,Setting!$E:$G,3,0),"") | AM17: =SUM(AN17:AW17) -> 0 | AN17: =COUNTIF($H17:$AL17,AN$5) -> 0 | AO17: =COUNTIF($H17:$AL17,AO$5) -> 0 | AP17: =COUNTIF($H17:$AL17,AP$5) -> 0 | AQ17: =COUNTIF($H17:$AL17,AQ$5) -> 0 | AR17: =COUNTIF($H17:$AL17,AR$5) -> 0 | AS17: =COUNTIF($H17:$AL17,AS$5) -> 0 | AT17: =COUNTIF($H17:$AL17,AT$5) -> 0 | AU17: =COUNTIF($H17:$AL17,AU$5) -> 0 | ... AW17: =COUNTIF($H17:$AL17,AW$5) -> 0
... D25: 20 | E25: =Setting!E23 | F25: =IFERROR(VLOOKUP(E25,Setting!$E:$G,2,0),"") | G25: =IFERROR(VLOOKUP(E25,Setting!$E:$G,3,0),"") | AM25: =SUM(AN25:AW25) -> 0 | AN25: =COUNTIF($H25:$AL25,AN$5) -> 0 | AO25: =COUNTIF($H25:$AL25,AO$5) -> 0 | AP25: =COUNTIF($H25:$AL25,AP$5) -> 0 | AQ25: =COUNTIF($H25:$AL25,AQ$5) -> 0 | AR25: =COUNTIF($H25:$AL25,AR$5) -> 0 | AS25: =COUNTIF($H25:$AL25,AS$5) -> 0 | AT25: =COUNTIF($H25:$AL25,AT$5) -> 0 | AU25: =COUNTIF($H25:$AL25,AU$5) -> 0 | ... AW25: =COUNTIF($H25:$AL25,AW$5) -> 0

Sheet December
I2: Monthly Leave Tracker
F3: December | G3: 2023 | H3: =IFERROR(VLOOKUP(H4,Holidays,2,0),"") | I3: =IFERROR(VLOOKUP(I4,Holidays,2,0),"") | J3: =IFERROR(VLOOKUP(J4,Holidays,2,0),"") | K3: =IFERROR(VLOOKUP(K4,Holidays,2,0),"") | L3: =IFERROR(VLOOKUP(L4,Holidays,2,0),"") | M3: =IFERROR(VLOOKUP(M4,Holidays,2,0),"") | N3: =IFERROR(VLOOKUP(N4,Holidays,2,0),"") | O3: =IFERROR(VLOOKUP(O4,Holidays,2,0),"") | ... AL3: =IFERROR(VLOOKUP(AL4,Holidays,2,0),"") | AM3: Summary
D4: SL. No. | E4: Emp. Code | F4: Employee Name | G4: Designation | H4: =DATEVALUE("1"&F3&G3) -> 45261 | I4: =IF(H$4<EOMONTH($H$4,0),H4+1,"EOM") -> 45262 | J4: =IF(I$4<EOMONTH($H$4,0),I4+1,"EOM") -> 45263 | K4: =IF(J$4<EOMONTH($H$4,0),J4+1,"EOM") -> 45264 | L4: =IF(K$4<EOMONTH($H$4,0),K4+1,"EOM") -> 45265 | M4: =IF(L$4<EOMONTH($H$4,0),L4+1,"EOM") -> 45266 | N4: =IF(M$4<EOMONTH($H$4,0),M4+1,"EOM") -> 45267 | O4: =IF(N$4<EOMONTH($H$4,0),N4+1,"EOM") -> 45268 | P4: =IF(O$4<EOMONTH($H$4,0),O4+1,"EOM") -> 45269 | ... AL4: =IF(AK$4<EOMONTH($H$4,0),AK4+1,"EOM") -> 45291 | AM4: Total Leaves | AN4: Casual Leave | AO4: Privilaged Leave | AP4: Sick Leave | AQ4: Maternity or Paternity | AR4: Half Day | AS4: Work from Home | AT4: Holidays | AU4: Week Offs | AV4: Total Absent / No Show | AW4: Leave Without Pay
H5: =TEXT(H4,"DDD") -> Fri | I5: =TEXT(I4,"DDD") -> Sat | J5: =TEXT(J4,"DDD") -> Sun | K5: =TEXT(K4,"DDD") -> Mon | L5: =TEXT(L4,"DDD") -> Tue | M5: =TEXT(M4,"DDD") -> Wed | N5: =TEXT(N4,"DDD") -> Thu | O5: =TEXT(O4,"DDD") -> Fri | ... AL5: =TEXT(AL4,"DDD") -> Sun | AN5: CL | AO5: PL | AP5: SL | AQ5: ML | AR5: HD | AS5: WH | AT5: H | AU5: WO | AV5: A | AW5: LWP
D6: 1 | E6: =Setting!E4 | F6: =IFERROR(VLOOKUP(E6,Setting!$E:$G,2,0),"") | G6: =IFERROR(VLOOKUP(E6,Setting!$E:$G,3,0),"") | AM6: =SUM(AN6:AW6) -> 0 | AN6: =COUNTIF($H6:$AL6,AN$5) -> 0 | AO6: =COUNTIF($H6:$AL6,AO$5) -> 0 | AP6: =COUNTIF($H6:$AL6,AP$5) -> 0 | AQ6: =COUNTIF($H6:$AL6,AQ$5) -> 0 | AR6: =COUNTIF($H6:$AL6,AR$5) -> 0 | AS6: =COUNTIF($H6:$AL6,AS$5) -> 0 | AT6: =COUNTIF($H6:$AL6,AT$5) -> 0 | AU6: =COUNTIF($H6:$AL6,AU$5) -> 0 | ... AW6: =COUNTIF($H6:$AL6,AW$5) -> 0
D7: 2 | E7: =Setting!E5 | F7: =IFERROR(VLOOKUP(E7,Setting!$E:$G,2,0),"") | G7: =IFERROR(VLOOKUP(E7,Setting!$E:$G,3,0),"") | AM7: =SUM(AN7:AW7) -> 0 | AN7: =COUNTIF($H7:$AL7,AN$5) -> 0 | AO7: =COUNTIF($H7:$AL7,AO$5) -> 0 | AP7: =COUNTIF($H7:$AL7,AP$5) -> 0 | AQ7: =COUNTIF($H7:$AL7,AQ$5) -> 0 | AR7: =COUNTIF($H7:$AL7,AR$5) -> 0 | AS7: =COUNTIF($H7:$AL7,AS$5) -> 0 | AT7: =COUNTIF($H7:$AL7,AT$5) -> 0 | AU7: =COUNTIF($H7:$AL7,AU$5) -> 0 | ... AW7: =COUNTIF($H7:$AL7,AW$5) -> 0
D8: 3 | E8: =Setting!E6 | F8: =IFERROR(VLOOKUP(E8,Setting!$E:$G,2,0),"") | G8: =IFERROR(VLOOKUP(E8,Setting!$E:$G,3,0),"") | AM8: =SUM(AN8:AW8) -> 0 | AN8: =COUNTIF($H8:$AL8,AN$5) -> 0 | AO8: =COUNTIF($H8:$AL8,AO$5) -> 0 | AP8: =COUNTIF($H8:$AL8,AP$5) -> 0 | AQ8: =COUNTIF($H8:$AL8,AQ$5) -> 0 | AR8: =COUNTIF($H8:$AL8,AR$5) -> 0 | AS8: =COUNTIF($H8:$AL8,AS$5) -> 0 | AT8: =COUNTIF($H8:$AL8,AT$5) -> 0 | AU8: =COUNTIF($H8:$AL8,AU$5) -> 0 | ... AW8: =COUNTIF($H8:$AL8,AW$5) -> 0
D9: 4 | E9: =Setting!E7 | F9: =IFERROR(VLOOKUP(E9,Setting!$E:$G,2,0),"") | G9: =IFERROR(VLOOKUP(E9,Setting!$E:$G,3,0),"") | AM9: =SUM(AN9:AW9) -> 0 | AN9: =COUNTIF($H9:$AL9,AN$5) -> 0 | AO9: =COUNTIF($H9:$AL9,AO$5) -> 0 | AP9: =COUNTIF($H9:$AL9,AP$5) -> 0 | AQ9: =COUNTIF($H9:$AL9,AQ$5) -> 0 | AR9: =COUNTIF($H9:$AL9,AR$5) -> 0 | AS9: =COUNTIF($H9:$AL9,AS$5) -> 0 | AT9: =COUNTIF($H9:$AL9,AT$5) -> 0 | AU9: =COUNTIF($H9:$AL9,AU$5) -> 0 | ... AW9: =COUNTIF($H9:$AL9,AW$5) -> 0
D10: 5 | E10: =Setting!E8 | F10: =IFERROR(VLOOKUP(E10,Setting!$E:$G,2,0),"") | G10: =IFERROR(VLOOKUP(E10,Setting!$E:$G,3,0),"") | AM10: =SUM(AN10:AW10) -> 0 | AN10: =COUNTIF($H10:$AL10,AN$5) -> 0 | AO10: =COUNTIF($H10:$AL10,AO$5) -> 0 | AP10: =COUNTIF($H10:$AL10,AP$5) -> 0 | AQ10: =COUNTIF($H10:$AL10,AQ$5) -> 0 | AR10: =COUNTIF($H10:$AL10,AR$5) -> 0 | AS10: =COUNTIF($H10:$AL10,AS$5) -> 0 | AT10: =COUNTIF($H10:$AL10,AT$5) -> 0 | AU10: =COUNTIF($H10:$AL10,AU$5) -> 0 | ... AW10: =COUNTIF($H10:$AL10,AW$5) -> 0
D11: 6 | E11: =Setting!E9 | F11: =IFERROR(VLOOKUP(E11,Setting!$E:$G,2,0),"") | G11: =IFERROR(VLOOKUP(E11,Setting!$E:$G,3,0),"") | AM11: =SUM(AN11:AW11) -> 0 | AN11: =COUNTIF($H11:$AL11,AN$5) -> 0 | AO11: =COUNTIF($H11:$AL11,AO$5) -> 0 | AP11: =COUNTIF($H11:$AL11,AP$5) -> 0 | AQ11: =COUNTIF($H11:$AL11,AQ$5) -> 0 | AR11: =COUNTIF($H11:$AL11,AR$5) -> 0 | AS11: =COUNTIF($H11:$AL11,AS$5) -> 0 | AT11: =COUNTIF($H11:$AL11,AT$5) -> 0 | AU11: =COUNTIF($H11:$AL11,AU$5) -> 0 | ... AW11: =COUNTIF($H11:$AL11,AW$5) -> 0
D12: 7 | E12: =Setting!E10 | F12: =IFERROR(VLOOKUP(E12,Setting!$E:$G,2,0),"") | G12: =IFERROR(VLOOKUP(E12,Setting!$E:$G,3,0),"") | AM12: =SUM(AN12:AW12) -> 0 | AN12: =COUNTIF($H12:$AL12,AN$5) -> 0 | AO12: =COUNTIF($H12:$AL12,AO$5) -> 0 | AP12: =COUNTIF($H12:$AL12,AP$5) -> 0 | AQ12: =COUNTIF($H12:$AL12,AQ$5) -> 0 | AR12: =COUNTIF($H12:$AL12,AR$5) -> 0 | AS12: =COUNTIF($H12:$AL12,AS$5) -> 0 | AT12: =COUNTIF($H12:$AL12,AT$5) -> 0 | AU12: =COUNTIF($H12:$AL12,AU$5) -> 0 | ... AW12: =COUNTIF($H12:$AL12,AW$5) -> 0
D13: 8 | E13: =Setting!E11 | F13: =IFERROR(VLOOKUP(E13,Setting!$E:$G,2,0),"") | G13: =IFERROR(VLOOKUP(E13,Setting!$E:$G,3,0),"") | AM13: =SUM(AN13:AW13) -> 0 | AN13: =COUNTIF($H13:$AL13,AN$5) -> 0 | AO13: =COUNTIF($H13:$AL13,AO$5) -> 0 | AP13: =COUNTIF($H13:$AL13,AP$5) -> 0 | AQ13: =COUNTIF($H13:$AL13,AQ$5) -> 0 | AR13: =COUNTIF($H13:$AL13,AR$5) -> 0 | AS13: =COUNTIF($H13:$AL13,AS$5) -> 0 | AT13: =COUNTIF($H13:$AL13,AT$5) -> 0 | AU13: =COUNTIF($H13:$AL13,AU$5) -> 0 | ... AW13: =COUNTIF($H13:$AL13,AW$5) -> 0
D14: 9 | E14: =Setting!E12 | F14: =IFERROR(VLOOKUP(E14,Setting!$E:$G,2,0),"") | G14: =IFERROR(VLOOKUP(E14,Setting!$E:$G,3,0),"") | AM14: =SUM(AN14:AW14) -> 0 | AN14: =COUNTIF($H14:$AL14,AN$5) -> 0 | AO14: =COUNTIF($H14:$AL14,AO$5) -> 0 | AP14: =COUNTIF($H14:$AL14,AP$5) -> 0 | AQ14: =COUNTIF($H14:$AL14,AQ$5) -> 0 | AR14: =COUNTIF($H14:$AL14,AR$5) -> 0 | AS14: =COUNTIF($H14:$AL14,AS$5) -> 0 | AT14: =COUNTIF($H14:$AL14,AT$5) -> 0 | AU14: =COUNTIF($H14:$AL14,AU$5) -> 0 | ... AW14: =COUNTIF($H14:$AL14,AW$5) -> 0
D15: 10 | E15: =Setting!E13 | F15: =IFERROR(VLOOKUP(E15,Setting!$E:$G,2,0),"") | G15: =IFERROR(VLOOKUP(E15,Setting!$E:$G,3,0),"") | AM15: =SUM(AN15:AW15) -> 0 | AN15: =COUNTIF($H15:$AL15,AN$5) -> 0 | AO15: =COUNTIF($H15:$AL15,AO$5) -> 0 | AP15: =COUNTIF($H15:$AL15,AP$5) -> 0 | AQ15: =COUNTIF($H15:$AL15,AQ$5) -> 0 | AR15: =COUNTIF($H15:$AL15,AR$5) -> 0 | AS15: =COUNTIF($H15:$AL15,AS$5) -> 0 | AT15: =COUNTIF($H15:$AL15,AT$5) -> 0 | AU15: =COUNTIF($H15:$AL15,AU$5) -> 0 | ... AW15: =COUNTIF($H15:$AL15,AW$5) -> 0
D16: 11 | E16: =Setting!E14 | F16: =IFERROR(VLOOKUP(E16,Setting!$E:$G,2,0),"") | G16: =IFERROR(VLOOKUP(E16,Setting!$E:$G,3,0),"") | AM16: =SUM(AN16:AW16) -> 0 | AN16: =COUNTIF($H16:$AL16,AN$5) -> 0 | AO16: =COUNTIF($H16:$AL16,AO$5) -> 0 | AP16: =COUNTIF($H16:$AL16,AP$5) -> 0 | AQ16: =COUNTIF($H16:$AL16,AQ$5) -> 0 | AR16: =COUNTIF($H16:$AL16,AR$5) -> 0 | AS16: =COUNTIF($H16:$AL16,AS$5) -> 0 | AT16: =COUNTIF($H16:$AL16,AT$5) -> 0 | AU16: =COUNTIF($H16:$AL16,AU$5) -> 0 | ... AW16: =COUNTIF($H16:$AL16,AW$5) -> 0
D17: 12 | E17: =Setting!E15 | F17: =IFERROR(VLOOKUP(E17,Setting!$E:$G,2,0),"") | G17: =IFERROR(VLOOKUP(E17,Setting!$E:$G,3,0),"") | AM17: =SUM(AN17:AW17) -> 0 | AN17: =COUNTIF($H17:$AL17,AN$5) -> 0 | AO17: =COUNTIF($H17:$AL17,AO$5) -> 0 | AP17: =COUNTIF($H17:$AL17,AP$5) -> 0 | AQ17: =COUNTIF($H17:$AL17,AQ$5) -> 0 | AR17: =COUNTIF($H17:$AL17,AR$5) -> 0 | AS17: =COUNTIF($H17:$AL17,AS$5) -> 0 | AT17: =COUNTIF($H17:$AL17,AT$5) -> 0 | AU17: =COUNTIF($H17:$AL17,AU$5) -> 0 | ... AW17: =COUNTIF($H17:$AL17,AW$5) -> 0
... D25: 20 | E25: =Setting!E23 | F25: =IFERROR(VLOOKUP(E25,Setting!$E:$G,2,0),"") | G25: =IFERROR(VLOOKUP(E25,Setting!$E:$G,3,0),"") | AM25: =SUM(AN25:AW25) -> 0 | AN25: =COUNTIF($H25:$AL25,AN$5) -> 0 | AO25: =COUNTIF($H25:$AL25,AO$5) -> 0 | AP25: =COUNTIF($H25:$AL25,AP$5) -> 0 | AQ25: =COUNTIF($H25:$AL25,AQ$5) -> 0 | AR25: =COUNTIF($H25:$AL25,AR$5) -> 0 | AS25: =COUNTIF($H25:$AL25,AS$5) -> 0 | AT25: =COUNTIF($H25:$AL25,AT$5) -> 0 | AU25: =COUNTIF($H25:$AL25,AU$5) -> 0 | ... AW25: =COUNTIF($H25:$AL25,AW$5) -> 0

Sheet Annual
D2: Annual Summary
D4: SL. No. | E4: Emp. Code | F4: Employee Name | G4: Designation | H4: Total Leaves | I4: Casual Leave | J4: Privilaged Leave | K4: Sick Leave | L4: Maternity or Paternity | M4: Half Day | N4: Work from Home | O4: Holidays | P4: Week Offs | Q4: Total Absent / No Show | R4: Leave Without Pay
I5: CL | J5: PL | K5: SL | L5: ML | M5: HD | N5: WH | O5: H | P5: WO | Q5: A | R5: LWP
D6: 1 | E6: =Setting!E4 | F6: =IFERROR(VLOOKUP(E6,Setting!$E:$G,2,0),"") | G6: =IFERROR(VLOOKUP(E6,Setting!$E:$G,3,0),"") | H6: =January!AM6+February!AM6+March!AM6+April!AM6+May!AM6+June!AM6+July!AM6+August!AM6+September!AM6+October!AM6+November!AM6+December!AM6 -> 3 | I6: =January!AN6+February!AN6+March!AN6+April!AN6+May!AN6+June!AN6+July!AN6+August!AN6+September!AN6+October!AN6+November!AN6+December!AN6 -> 1 | J6: =January!AO6+February!AO6+March!AO6+April!AO6+May!AO6+June!AO6+July!AO6+August!AO6+September!AO6+October!AO6+November!AO6+December!AO6 -> 0 | K6: =January!AP6+February!AP6+March!AP6+April!AP6+May!AP6+June!AP6+July!AP6+August!AP6+September!AP6+October!AP6+November!AP6+December!AP6 -> 0 | L6: =January!AQ6+February!AQ6+March!AQ6+April!AQ6+May!AQ6+June!AQ6+July!AQ6+August!AQ6+September!AQ6+October!AQ6+November!AQ6+December!AQ6 -> 0 | M6: =January!AR6+February!AR6+March!AR6+April!AR6+May!AR6+June!AR6+July!AR6+August!AR6+September!AR6+October!AR6+November!AR6+December!AR6 -> 0 | N6: =January!AS6+February!AS6+March!AS6+April!AS6+May!AS6+June!AS6+July!AS6+August!AS6+September!AS6+October!AS6+November!AS6+December!AS6 -> 0 | O6: =January!AT6+February!AT6+March!AT6+April!AT6+May!AT6+June!AT6+July!AT6+August!AT6+September!AT6+October!AT6+November!AT6+December!AT6 -> 0 | ... R6: =January!AW6+February!AW6+March!AW6+April!AW6+May!AW6+June!AW6+July!AW6+August!AW6+September!AW6+October!AW6+November!AW6+December!AW6 -> 0
D7: 2 | E7: =Setting!E5 | F7: =IFERROR(VLOOKUP(E7,Setting!$E:$G,2,0),"") | G7: =IFERROR(VLOOKUP(E7,Setting!$E:$G,3,0),"") | H7: =January!AM7+February!AM7+March!AM7+April!AM7+May!AM7+June!AM7+July!AM7+August!AM7+September!AM7+October!AM7+November!AM7+December!AM7 -> 0 | I7: =January!AN7+February!AN7+March!AN7+April!AN7+May!AN7+June!AN7+July!AN7+August!AN7+September!AN7+October!AN7+November!AN7+December!AN7 -> 0 | J7: =January!AO7+February!AO7+March!AO7+April!AO7+May!AO7+June!AO7+July!AO7+August!AO7+September!AO7+October!AO7+November!AO7+December!AO7 -> 0 | K7: =January!AP7+February!AP7+March!AP7+April!AP7+May!AP7+June!AP7+July!AP7+August!AP7+September!AP7+October!AP7+November!AP7+December!AP7 -> 0 | L7: =January!AQ7+February!AQ7+March!AQ7+April!AQ7+May!AQ7+June!AQ7+July!AQ7+August!AQ7+September!AQ7+October!AQ7+November!AQ7+December!AQ7 -> 0 | M7: =January!AR7+February!AR7+March!AR7+April!AR7+May!AR7+June!AR7+July!AR7+August!AR7+September!AR7+October!AR7+November!AR7+December!AR7 -> 0 | N7: =January!AS7+February!AS7+March!AS7+April!AS7+May!AS7+June!AS7+July!AS7+August!AS7+September!AS7+October!AS7+November!AS7+December!AS7 -> 0 | O7: =January!AT7+February!AT7+March!AT7+April!AT7+May!AT7+June!AT7+July!AT7+August!AT7+September!AT7+October!AT7+November!AT7+December!AT7 -> 0 | ... R7: =January!AW7+February!AW7+March!AW7+April!AW7+May!AW7+June!AW7+July!AW7+August!AW7+September!AW7+October!AW7+November!AW7+December!AW7 -> 0
D8: 3 | E8: =Setting!E6 | F8: =IFERROR(VLOOKUP(E8,Setting!$E:$G,2,0),"") | G8: =IFERROR(VLOOKUP(E8,Setting!$E:$G,3,0),"") | H8: =January!AM8+February!AM8+March!AM8+April!AM8+May!AM8+June!AM8+July!AM8+August!AM8+September!AM8+October!AM8+November!AM8+December!AM8 -> 0 | I8: =January!AN8+February!AN8+March!AN8+April!AN8+May!AN8+June!AN8+July!AN8+August!AN8+September!AN8+October!AN8+November!AN8+December!AN8 -> 0 | J8: =January!AO8+February!AO8+March!AO8+April!AO8+May!AO8+June!AO8+July!AO8+August!AO8+September!AO8+October!AO8+November!AO8+December!AO8 -> 0 | K8: =January!AP8+February!AP8+March!AP8+April!AP8+May!AP8+June!AP8+July!AP8+August!AP8+September!AP8+October!AP8+November!AP8+December!AP8 -> 0 | L8: =January!AQ8+February!AQ8+March!AQ8+April!AQ8+May!AQ8+June!AQ8+July!AQ8+August!AQ8+September!AQ8+October!AQ8+November!AQ8+December!AQ8 -> 0 | M8: =January!AR8+February!AR8+March!AR8+April!AR8+May!AR8+June!AR8+July!AR8+August!AR8+September!AR8+October!AR8+November!AR8+December!AR8 -> 0 | N8: =January!AS8+February!AS8+March!AS8+April!AS8+May!AS8+June!AS8+July!AS8+August!AS8+September!AS8+October!AS8+November!AS8+December!AS8 -> 0 | O8: =January!AT8+February!AT8+March!AT8+April!AT8+May!AT8+June!AT8+July!AT8+August!AT8+September!AT8+October!AT8+November!AT8+December!AT8 -> 0 | ... R8: =January!AW8+February!AW8+March!AW8+April!AW8+May!AW8+June!AW8+July!AW8+August!AW8+September!AW8+October!AW8+November!AW8+December!AW8 -> 0
D9: 4 | E9: =Setting!E7 | F9: =IFERROR(VLOOKUP(E9,Setting!$E:$G,2,0),"") | G9: =IFERROR(VLOOKUP(E9,Setting!$E:$G,3,0),"") | H9: =January!AM9+February!AM9+March!AM9+April!AM9+May!AM9+June!AM9+July!AM9+August!AM9+September!AM9+October!AM9+November!AM9+December!AM9 -> 0 | I9: =January!AN9+February!AN9+March!AN9+April!AN9+May!AN9+June!AN9+July!AN9+August!AN9+September!AN9+October!AN9+November!AN9+December!AN9 -> 0 | J9: =January!AO9+February!AO9+March!AO9+April!AO9+May!AO9+June!AO9+July!AO9+August!AO9+September!AO9+October!AO9+November!AO9+December!AO9 -> 0 | K9: =January!AP9+February!AP9+March!AP9+April!AP9+May!AP9+June!AP9+July!AP9+August!AP9+September!AP9+October!AP9+November!AP9+December!AP9 -> 0 | L9: =January!AQ9+February!AQ9+March!AQ9+April!AQ9+May!AQ9+June!AQ9+July!AQ9+August!AQ9+September!AQ9+October!AQ9+November!AQ9+December!AQ9 -> 0 | M9: =January!AR9+February!AR9+March!AR9+April!AR9+May!AR9+June!AR9+July!AR9+August!AR9+September!AR9+October!AR9+November!AR9+December!AR9 -> 0 | N9: =January!AS9+February!AS9+March!AS9+April!AS9+May!AS9+June!AS9+July!AS9+August!AS9+September!AS9+October!AS9+November!AS9+December!AS9 -> 0 | O9: =January!AT9+February!AT9+March!AT9+April!AT9+May!AT9+June!AT9+July!AT9+August!AT9+September!AT9+October!AT9+November!AT9+December!AT9 -> 0 | ... R9: =January!AW9+February!AW9+March!AW9+April!AW9+May!AW9+June!AW9+July!AW9+August!AW9+September!AW9+October!AW9+November!AW9+December!AW9 -> 0
D10: 5 | E10: =Setting!E8 | F10: =IFERROR(VLOOKUP(E10,Setting!$E:$G,2,0),"") | G10: =IFERROR(VLOOKUP(E10,Setting!$E:$G,3,0),"") | H10: =January!AM10+February!AM10+March!AM10+April!AM10+May!AM10+June!AM10+July!AM10+August!AM10+September!AM10+October!AM10+November!AM10+December!AM10 -> 0 | I10: =January!AN10+February!AN10+March!AN10+April!AN10+May!AN10+June!AN10+July!AN10+August!AN10+September!AN10+October!AN10+November!AN10+December!AN10 -> 0 | J10: =January!AO10+February!AO10+March!AO10+April!AO10+May!AO10+June!AO10+July!AO10+August!AO10+September!AO10+October!AO10+November!AO10+December!AO10 -> 0 | K10: =January!AP10+February!AP10+March!AP10+April!AP10+May!AP10+June!AP10+July!AP10+August!AP10+September!AP10+October!AP10+November!AP10+December!AP10 -> 0 | L10: =January!AQ10+February!AQ10+March!AQ10+April!AQ10+May!AQ10+June!AQ10+July!AQ10+August!AQ10+September!AQ10+October!AQ10+November!AQ10+December!AQ10 -> 0 | M10: =January!AR10+February!AR10+March!AR10+April!AR10+May!AR10+June!AR10+July!AR10+August!AR10+September!AR10+October!AR10+November!AR10+December!AR10 -> 0 | N10: =January!AS10+February!AS10+March!AS10+April!AS10+May!AS10+June!AS10+July!AS10+August!AS10+September!AS10+October!AS10+November!AS10+December!AS10 -> 0 | O10: =January!AT10+February!AT10+March!AT10+April!AT10+May!AT10+June!AT10+July!AT10+August!AT10+September!AT10+October!AT10+November!AT10+December!AT10 -> 0 | ... R10: =January!AW10+February!AW10+March!AW10+April!AW10+May!AW10+June!AW10+July!AW10+August!AW10+September!AW10+October!AW10+November!AW10+December!AW10 -> 0
D11: 6 | E11: =Setting!E9 | F11: =IFERROR(VLOOKUP(E11,Setting!$E:$G,2,0),"") | G11: =IFERROR(VLOOKUP(E11,Setting!$E:$G,3,0),"") | H11: =January!AM11+February!AM11+March!AM11+April!AM11+May!AM11+June!AM11+July!AM11+August!AM11+September!AM11+October!AM11+November!AM11+December!AM11 -> 0 | I11: =January!AN11+February!AN11+March!AN11+April!AN11+May!AN11+June!AN11+July!AN11+August!AN11+September!AN11+October!AN11+November!AN11+December!AN11 -> 0 | J11: =January!AO11+February!AO11+March!AO11+April!AO11+May!AO11+June!AO11+July!AO11+August!AO11+September!AO11+October!AO11+November!AO11+December!AO11 -> 0 | K11: =January!AP11+February!AP11+March!AP11+April!AP11+May!AP11+June!AP11+July!AP11+August!AP11+September!AP11+October!AP11+November!AP11+December!AP11 -> 0 | L11: =January!AQ11+February!AQ11+March!AQ11+April!AQ11+May!AQ11+June!AQ11+July!AQ11+August!AQ11+September!AQ11+October!AQ11+November!AQ11+December!AQ11 -> 0 | M11: =January!AR11+February!AR11+March!AR11+April!AR11+May!AR11+June!AR11+July!AR11+August!AR11+September!AR11+October!AR11+November!AR11+December!AR11 -> 0 | N11: =January!AS11+February!AS11+March!AS11+April!AS11+May!AS11+June!AS11+July!AS11+August!AS11+September!AS11+October!AS11+November!AS11+December!AS11 -> 0 | O11: =January!AT11+February!AT11+March!AT11+April!AT11+May!AT11+June!AT11+July!AT11+August!AT11+September!AT11+October!AT11+November!AT11+December!AT11 -> 0 | ... R11: =January!AW11+February!AW11+March!AW11+April!AW11+May!AW11+June!AW11+July!AW11+August!AW11+September!AW11+October!AW11+November!AW11+December!AW11 -> 0
D12: 7 | E12: =Setting!E10 | F12: =IFERROR(VLOOKUP(E12,Setting!$E:$G,2,0),"") | G12: =IFERROR(VLOOKUP(E12,Setting!$E:$G,3,0),"") | H12: =January!AM12+February!AM12+March!AM12+April!AM12+May!AM12+June!AM12+July!AM12+August!AM12+September!AM12+October!AM12+November!AM12+December!AM12 -> 0 | I12: =January!AN12+February!AN12+March!AN12+April!AN12+May!AN12+June!AN12+July!AN12+August!AN12+September!AN12+October!AN12+November!AN12+December!AN12 -> 0 | J12: =January!AO12+February!AO12+March!AO12+April!AO12+May!AO12+June!AO12+July!AO12+August!AO12+September!AO12+October!AO12+November!AO12+December!AO12 -> 0 | K12: =January!AP12+February!AP12+March!AP12+April!AP12+May!AP12+June!AP12+July!AP12+August!AP12+September!AP12+October!AP12+November!AP12+December!AP12 -> 0 | L12: =January!AQ12+February!AQ12+March!AQ12+April!AQ12+May!AQ12+June!AQ12+July!AQ12+August!AQ12+September!AQ12+October!AQ12+November!AQ12+December!AQ12 -> 0 | M12: =January!AR12+February!AR12+March!AR12+April!AR12+May!AR12+June!AR12+July!AR12+August!AR12+September!AR12+October!AR12+November!AR12+December!AR12 -> 0 | N12: =January!AS12+February!AS12+March!AS12+April!AS12+May!AS12+June!AS12+July!AS12+August!AS12+September!AS12+October!AS12+November!AS12+December!AS12 -> 0 | O12: =January!AT12+February!AT12+March!AT12+April!AT12+May!AT12+June!AT12+July!AT12+August!AT12+September!AT12+October!AT12+November!AT12+December!AT12 -> 0 | ... R12: =January!AW12+February!AW12+March!AW12+April!AW12+May!AW12+June!AW12+July!AW12+August!AW12+September!AW12+October!AW12+November!AW12+December!AW12 -> 0
D13: 8 | E13: =Setting!E11 | F13: =IFERROR(VLOOKUP(E13,Setting!$E:$G,2,0),"") | G13: =IFERROR(VLOOKUP(E13,Setting!$E:$G,3,0),"") | H13: =January!AM13+February!AM13+March!AM13+April!AM13+May!AM13+June!AM13+July!AM13+August!AM13+September!AM13+October!AM13+November!AM13+December!AM13 -> 0 | I13: =January!AN13+February!AN13+March!AN13+April!AN13+May!AN13+June!AN13+July!AN13+August!AN13+September!AN13+October!AN13+November!AN13+December!AN13 -> 0 | J13: =January!AO13+February!AO13+March!AO13+April!AO13+May!AO13+June!AO13+July!AO13+August!AO13+September!AO13+October!AO13+November!AO13+December!AO13 -> 0 | K13: =January!AP13+February!AP13+March!AP13+April!AP13+May!AP13+June!AP13+July!AP13+August!AP13+September!AP13+October!AP13+November!AP13+December!AP13 -> 0 | L13: =January!AQ13+February!AQ13+March!AQ13+April!AQ13+May!AQ13+June!AQ13+July!AQ13+August!AQ13+September!AQ13+October!AQ13+November!AQ13+December!AQ13 -> 0 | M13: =January!AR13+February!AR13+March!AR13+April!AR13+May!AR13+June!AR13+July!AR13+August!AR13+September!AR13+October!AR13+November!AR13+December!AR13 -> 0 | N13: =January!AS13+February!AS13+March!AS13+April!AS13+May!AS13+June!AS13+July!AS13+August!AS13+September!AS13+October!AS13+November!AS13+December!AS13 -> 0 | O13: =January!AT13+February!AT13+March!AT13+April!AT13+May!AT13+June!AT13+July!AT13+August!AT13+September!AT13+October!AT13+November!AT13+December!AT13 -> 0 | ... R13: =January!AW13+February!AW13+March!AW13+April!AW13+May!AW13+June!AW13+July!AW13+August!AW13+September!AW13+October!AW13+November!AW13+December!AW13 -> 0
D14: 9 | E14: =Setting!E12 | F14: =IFERROR(VLOOKUP(E14,Setting!$E:$G,2,0),"") | G14: =IFERROR(VLOOKUP(E14,Setting!$E:$G,3,0),"") | H14: =January!AM14+February!AM14+March!AM14+April!AM14+May!AM14+June!AM14+July!AM14+August!AM14+September!AM14+October!AM14+November!AM14+December!AM14 -> 0 | I14: =January!AN14+February!AN14+March!AN14+April!AN14+May!AN14+June!AN14+July!AN14+August!AN14+September!AN14+October!AN14+November!AN14+December!AN14 -> 0 | J14: =January!AO14+February!AO14+March!AO14+April!AO14+May!AO14+June!AO14+July!AO14+August!AO14+September!AO14+October!AO14+November!AO14+December!AO14 -> 0 | K14: =January!AP14+February!AP14+March!AP14+April!AP14+May!AP14+June!AP14+July!AP14+August!AP14+September!AP14+October!AP14+November!AP14+December!AP14 -> 0 | L14: =January!AQ14+February!AQ14+March!AQ14+April!AQ14+May!AQ14+June!AQ14+July!AQ14+August!AQ14+September!AQ14+October!AQ14+November!AQ14+December!AQ14 -> 0 | M14: =January!AR14+February!AR14+March!AR14+April!AR14+May!AR14+June!AR14+July!AR14+August!AR14+September!AR14+October!AR14+November!AR14+December!AR14 -> 0 | N14: =January!AS14+February!AS14+March!AS14+April!AS14+May!AS14+June!AS14+July!AS14+August!AS14+September!AS14+October!AS14+November!AS14+December!AS14 -> 0 | O14: =January!AT14+February!AT14+March!AT14+April!AT14+May!AT14+June!AT14+July!AT14+August!AT14+September!AT14+October!AT14+November!AT14+December!AT14 -> 0 | ... R14: =January!AW14+February!AW14+March!AW14+April!AW14+May!AW14+June!AW14+July!AW14+August!AW14+September!AW14+October!AW14+November!AW14+December!AW14 -> 0
D15: 10 | E15: =Setting!E13 | F15: =IFERROR(VLOOKUP(E15,Setting!$E:$G,2,0),"") | G15: =IFERROR(VLOOKUP(E15,Setting!$E:$G,3,0),"") | H15: =January!AM15+February!AM15+March!AM15+April!AM15+May!AM15+June!AM15+July!AM15+August!AM15+September!AM15+October!AM15+November!AM15+December!AM15 -> 0 | I15: =January!AN15+February!AN15+March!AN15+April!AN15+May!AN15+June!AN15+July!AN15+August!AN15+September!AN15+October!AN15+November!AN15+December!AN15 -> 0 | J15: =January!AO15+February!AO15+March!AO15+April!AO15+May!AO15+June!AO15+July!AO15+August!AO15+September!AO15+October!AO15+November!AO15+December!AO15 -> 0 | K15: =January!AP15+February!AP15+March!AP15+April!AP15+May!AP15+June!AP15+July!AP15+August!AP15+September!AP15+October!AP15+November!AP15+December!AP15 -> 0 | L15: =January!AQ15+February!AQ15+March!AQ15+April!AQ15+May!AQ15+June!AQ15+July!AQ15+August!AQ15+September!AQ15+October!AQ15+November!AQ15+December!AQ15 -> 0 | M15: =January!AR15+February!AR15+March!AR15+April!AR15+May!AR15+June!AR15+July!AR15+August!AR15+September!AR15+October!AR15+November!AR15+December!AR15 -> 0 | N15: =January!AS15+February!AS15+March!AS15+April!AS15+May!AS15+June!AS15+July!AS15+August!AS15+September!AS15+October!AS15+November!AS15+December!AS15 -> 0 | O15: =January!AT15+February!AT15+March!AT15+April!AT15+May!AT15+June!AT15+July!AT15+August!AT15+September!AT15+October!AT15+November!AT15+December!AT15 -> 0 | ... R15: =January!AW15+February!AW15+March!AW15+April!AW15+May!AW15+June!AW15+July!AW15+August!AW15+September!AW15+October!AW15+November!AW15+December!AW15 -> 0
D16: 11 | E16: =Setting!E14 | F16: =IFERROR(VLOOKUP(E16,Setting!$E:$G,2,0),"") | G16: =IFERROR(VLOOKUP(E16,Setting!$E:$G,3,0),"") | H16: =January!AM16+February!AM16+March!AM16+April!AM16+May!AM16+June!AM16+July!AM16+August!AM16+September!AM16+October!AM16+November!AM16+December!AM16 -> 0 | I16: =January!AN16+February!AN16+March!AN16+April!AN16+May!AN16+June!AN16+July!AN16+August!AN16+September!AN16+October!AN16+November!AN16+December!AN16 -> 0 | J16: =January!AO16+February!AO16+March!AO16+April!AO16+May!AO16+June!AO16+July!AO16+August!AO16+September!AO16+October!AO16+November!AO16+December!AO16 -> 0 | K16: =January!AP16+February!AP16+March!AP16+April!AP16+May!AP16+June!AP16+July!AP16+August!AP16+September!AP16+October!AP16+November!AP16+December!AP16 -> 0 | L16: =January!AQ16+February!AQ16+March!AQ16+April!AQ16+May!AQ16+June!AQ16+July!AQ16+August!AQ16+September!AQ16+October!AQ16+November!AQ16+December!AQ16 -> 0 | M16: =January!AR16+February!AR16+March!AR16+April!AR16+May!AR16+June!AR16+July!AR16+August!AR16+September!AR16+October!AR16+November!AR16+December!AR16 -> 0 | N16: =January!AS16+February!AS16+March!AS16+April!AS16+May!AS16+June!AS16+July!AS16+August!AS16+September!AS16+October!AS16+November!AS16+December!AS16 -> 0 | O16: =January!AT16+February!AT16+March!AT16+April!AT16+May!AT16+June!AT16+July!AT16+August!AT16+September!AT16+October!AT16+November!AT16+December!AT16 -> 0 | ... R16: =January!AW16+February!AW16+March!AW16+April!AW16+May!AW16+June!AW16+July!AW16+August!AW16+September!AW16+October!AW16+November!AW16+December!AW16 -> 0
D17: 12 | E17: =Setting!E15 | F17: =IFERROR(VLOOKUP(E17,Setting!$E:$G,2,0),"") | G17: =IFERROR(VLOOKUP(E17,Setting!$E:$G,3,0),"") | H17: =January!AM17+February!AM17+March!AM17+April!AM17+May!AM17+June!AM17+July!AM17+August!AM17+September!AM17+October!AM17+November!AM17+December!AM17 -> 0 | I17: =January!AN17+February!AN17+March!AN17+April!AN17+May!AN17+June!AN17+July!AN17+August!AN17+September!AN17+October!AN17+November!AN17+December!AN17 -> 0 | J17: =January!AO17+February!AO17+March!AO17+April!AO17+May!AO17+June!AO17+July!AO17+August!AO17+September!AO17+October!AO17+November!AO17+December!AO17 -> 0 | K17: =January!AP17+February!AP17+March!AP17+April!AP17+May!AP17+June!AP17+July!AP17+August!AP17+September!AP17+October!AP17+November!AP17+December!AP17 -> 0 | L17: =January!AQ17+February!AQ17+March!AQ17+April!AQ17+May!AQ17+June!AQ17+July!AQ17+August!AQ17+September!AQ17+October!AQ17+November!AQ17+December!AQ17 -> 0 | M17: =January!AR17+February!AR17+March!AR17+April!AR17+May!AR17+June!AR17+July!AR17+August!AR17+September!AR17+October!AR17+November!AR17+December!AR17 -> 0 | N17: =January!AS17+February!AS17+March!AS17+April!AS17+May!AS17+June!AS17+July!AS17+August!AS17+September!AS17+October!AS17+November!AS17+December!AS17 -> 0 | O17: =January!AT17+February!AT17+March!AT17+April!AT17+May!AT17+June!AT17+July!AT17+August!AT17+September!AT17+October!AT17+November!AT17+December!AT17 -> 0 | ... R17: =January!AW17+February!AW17+March!AW17+April!AW17+May!AW17+June!AW17+July!AW17+August!AW17+September!AW17+October!AW17+November!AW17+December!AW17 -> 0
... D25: 20 | E25: =Setting!E23 | F25: =IFERROR(VLOOKUP(E25,Setting!$E:$G,2,0),"") | G25: =IFERROR(VLOOKUP(E25,Setting!$E:$G,3,0),"") | H25: =January!AM25+February!AM25+March!AM25+April!AM25+May!AM25+June!AM25+July!AM25+August!AM25+September!AM25+October!AM25+November!AM25+December!AM25 -> 0 | I25: =January!AN25+February!AN25+March!AN25+April!AN25+May!AN25+June!AN25+July!AN25+August!AN25+September!AN25+October!AN25+November!AN25+December!AN25 -> 0 | J25: =January!AO25+February!AO25+March!AO25+April!AO25+May!AO25+June!AO25+July!AO25+August!AO25+September!AO25+October!AO25+November!AO25+December!AO25 -> 0 | K25: =January!AP25+February!AP25+March!AP25+April!AP25+May!AP25+June!AP25+July!AP25+August!AP25+September!AP25+October!AP25+November!AP25+December!AP25 -> 0 | L25: =January!AQ25+February!AQ25+March!AQ25+April!AQ25+May!AQ25+June!AQ25+July!AQ25+August!AQ25+September!AQ25+October!AQ25+November!AQ25+December!AQ25 -> 0 | M25: =January!AR25+February!AR25+March!AR25+April!AR25+May!AR25+June!AR25+July!AR25+August!AR25+September!AR25+October!AR25+November!AR25+December!AR25 -> 0 | N25: =January!AS25+February!AS25+March!AS25+April!AS25+May!AS25+June!AS25+July!AS25+August!AS25+September!AS25+October!AS25+November!AS25+December!AS25 -> 0 | O25: =January!AT25+February!AT25+March!AT25+April!AT25+May!AT25+June!AT25+July!AT25+August!AT25+September!AT25+October!AT25+November!AT25+December!AT25 -> 0 | ... R25: =January!AW25+February!AW25+March!AW25+April!AW25+May!AW25+June!AW25+July!AW25+August!AW25+September!AW25+October!AW25+November!AW25+December!AW25 -> 0
